vf_id,capability,frontend_surface_ids,backend_modules,canonical_state_source,event_source,authority_source,status
VF-EXP-001,VibeFlow Mobile Shell,FE-001/FE-002,project/execution,03_BACKEND/STATE_MACHINES.yaml where applicable,03_BACKEND/EVENT_CATALOG.yaml,02_ARCHITECTURE/CANONICAL_RESOURCE_MODEL.yaml,NOT_STARTED
VF-EXP-002,Create Surface,FE-001/FE-002,project/execution,03_BACKEND/STATE_MACHINES.yaml where applicable,03_BACKEND/EVENT_CATALOG.yaml,02_ARCHITECTURE/CANONICAL_RESOURCE_MODEL.yaml,NOT_STARTED
VF-EXP-003,Recovery Timeline,FE-001/FE-002,project/execution,03_BACKEND/STATE_MACHINES.yaml where applicable,03_BACKEND/EVENT_CATALOG.yaml,02_ARCHITECTURE/CANONICAL_RESOURCE_MODEL.yaml,NOT_STARTED
VF-EXP-004,Home / Project switcher,FE-001/FE-002,project/execution,03_BACKEND/STATE_MACHINES.yaml where applicable,03_BACKEND/EVENT_CATALOG.yaml,02_ARCHITECTURE/CANONICAL_RESOURCE_MODEL.yaml,NOT_STARTED
VF-EXP-005,Connections Center,FE-001/FE-002,project/execution,03_BACKEND/STATE_MACHINES.yaml where applicable,03_BACKEND/EVENT_CATALOG.yaml,02_ARCHITECTURE/CANONICAL_RESOURCE_MODEL.yaml,NOT_STARTED
VF-EXP-006,Mobile Preview Capability,FE-001/FE-002,project/execution,03_BACKEND/STATE_MACHINES.yaml where applicable,03_BACKEND/EVENT_CATALOG.yaml,02_ARCHITECTURE/CANONICAL_RESOURCE_MODEL.yaml,NOT_STARTED
VF-EXP-007,Action Center + push status,FE-001/FE-002,project/execution,03_BACKEND/STATE_MACHINES.yaml where applicable,03_BACKEND/EVENT_CATALOG.yaml,02_ARCHITECTURE/CANONICAL_RESOURCE_MODEL.yaml,NOT_STARTED
VF-EXP-008,Preview Pane,FE-001/FE-002,project/execution,03_BACKEND/STATE_MACHINES.yaml where applicable,03_BACKEND/EVENT_CATALOG.yaml,02_ARCHITECTURE/CANONICAL_RESOURCE_MODEL.yaml,NOT_STARTED
VF-EXP-009,Project Overview,FE-001/FE-002,project/execution,03_BACKEND/STATE_MACHINES.yaml where applicable,03_BACKEND/EVENT_CATALOG.yaml,02_ARCHITECTURE/CANONICAL_RESOURCE_MODEL.yaml,NOT_STARTED
VF-EXP-010,Provider-neutral Workspace Surface,FE-001/FE-002,project/execution,03_BACKEND/STATE_MACHINES.yaml where applicable,03_BACKEND/EVENT_CATALOG.yaml,02_ARCHITECTURE/CANONICAL_RESOURCE_MODEL.yaml,NOT_STARTED
VF-EXP-011,Command/Search Palette,FE-001/FE-002,project/execution,03_BACKEND/STATE_MACHINES.yaml where applicable,03_BACKEND/EVENT_CATALOG.yaml,02_ARCHITECTURE/CANONICAL_RESOURCE_MODEL.yaml,NOT_STARTED
VF-EXP-012,Assurance Center,FE-001/FE-002,project/execution,03_BACKEND/STATE_MACHINES.yaml where applicable,03_BACKEND/EVENT_CATALOG.yaml,02_ARCHITECTURE/CANONICAL_RESOURCE_MODEL.yaml,NOT_STARTED
VF-EXP-013,Account & Billing,FE-001/FE-002,project/execution,03_BACKEND/STATE_MACHINES.yaml where applicable,03_BACKEND/EVENT_CATALOG.yaml,02_ARCHITECTURE/CANONICAL_RESOURCE_MODEL.yaml,NOT_STARTED
VF-EXP-014,Task Activity Center,FE-001/FE-002,project/execution,03_BACKEND/STATE_MACHINES.yaml where applicable,03_BACKEND/EVENT_CATALOG.yaml,02_ARCHITECTURE/CANONICAL_RESOURCE_MODEL.yaml,NOT_STARTED
VF-EXP-015,Capability Dock,FE-001/FE-002,project/execution,03_BACKEND/STATE_MACHINES.yaml where applicable,03_BACKEND/EVENT_CATALOG.yaml,02_ARCHITECTURE/CANONICAL_RESOURCE_MODEL.yaml,NOT_STARTED
VF-EXP-016,Secure Workspace Web Surface,FE-001/FE-002,project/execution,03_BACKEND/STATE_MACHINES.yaml where applicable,03_BACKEND/EVENT_CATALOG.yaml,02_ARCHITECTURE/CANONICAL_RESOURCE_MODEL.yaml,NOT_STARTED
VF-MOB-001,Device Geometry Capability,FE-001/FE-010,gateway/notification,03_BACKEND/STATE_MACHINES.yaml where applicable,03_BACKEND/EVENT_CATALOG.yaml,02_ARCHITECTURE/CANONICAL_RESOURCE_MODEL.yaml,NOT_STARTED
VF-MOB-002,Extension Shared Container,FE-001/FE-010,gateway/notification,03_BACKEND/STATE_MACHINES.yaml where applicable,03_BACKEND/EVENT_CATALOG.yaml,02_ARCHITECTURE/CANONICAL_RESOURCE_MODEL.yaml,NOT_STARTED
VF-MOB-003,Lifecycle-bound Device Observers,FE-001/FE-010,gateway/notification,03_BACKEND/STATE_MACHINES.yaml where applicable,03_BACKEND/EVENT_CATALOG.yaml,02_ARCHITECTURE/CANONICAL_RESOURCE_MODEL.yaml,NOT_STARTED
VF-MOB-004,Local approval unlock,FE-001/FE-010,gateway/notification,03_BACKEND/STATE_MACHINES.yaml where applicable,03_BACKEND/EVENT_CATALOG.yaml,02_ARCHITECTURE/CANONICAL_RESOURCE_MODEL.yaml,NOT_STARTED
VF-MOB-005,Context attachment,FE-001/FE-010,gateway/notification,03_BACKEND/STATE_MACHINES.yaml where applicable,03_BACKEND/EVENT_CATALOG.yaml,02_ARCHITECTURE/CANONICAL_RESOURCE_MODEL.yaml,NOT_STARTED
VF-MOB-006,Signed/declarative deep-link router,FE-001/FE-010,gateway/notification,03_BACKEND/STATE_MACHINES.yaml where applicable,03_BACKEND/EVENT_CATALOG.yaml,02_ARCHITECTURE/CANONICAL_RESOURCE_MODEL.yaml,NOT_STARTED
VF-MOB-007,Mobile Bootstrap,FE-001/FE-010,gateway/notification,03_BACKEND/STATE_MACHINES.yaml where applicable,03_BACKEND/EVENT_CATALOG.yaml,02_ARCHITECTURE/CANONICAL_RESOURCE_MODEL.yaml,NOT_STARTED
VF-MOB-008,Mobile runtime,FE-001/FE-010,gateway/notification,03_BACKEND/STATE_MACHINES.yaml where applicable,03_BACKEND/EVENT_CATALOG.yaml,02_ARCHITECTURE/CANONICAL_RESOURCE_MODEL.yaml,NOT_STARTED
VF-MOB-009,Artifact download/share,FE-001/FE-010,gateway/notification,03_BACKEND/STATE_MACHINES.yaml where applicable,03_BACKEND/EVENT_CATALOG.yaml,02_ARCHITECTURE/CANONICAL_RESOURCE_MODEL.yaml,NOT_STARTED
VF-MOB-010,Live Execution Status,FE-001/FE-010,gateway/notification,03_BACKEND/STATE_MACHINES.yaml where applicable,03_BACKEND/EVENT_CATALOG.yaml,02_ARCHITECTURE/CANONICAL_RESOURCE_MODEL.yaml,NOT_STARTED
VF-MOB-011,RN Runtime Bootstrap,FE-001/FE-010,gateway/notification,03_BACKEND/STATE_MACHINES.yaml where applicable,03_BACKEND/EVENT_CATALOG.yaml,02_ARCHITECTURE/CANONICAL_RESOURCE_MODEL.yaml,NOT_STARTED
VF-MOB-012,Signed update channel,FE-001/FE-010,gateway/notification,03_BACKEND/STATE_MACHINES.yaml where applicable,03_BACKEND/EVENT_CATALOG.yaml,02_ARCHITECTURE/CANONICAL_RESOURCE_MODEL.yaml,NOT_STARTED
VF-MOB-013,Keyboard capability adapter,FE-001/FE-010,gateway/notification,03_BACKEND/STATE_MACHINES.yaml where applicable,03_BACKEND/EVENT_CATALOG.yaml,02_ARCHITECTURE/CANONICAL_RESOURCE_MODEL.yaml,NOT_STARTED
VF-MOB-014,Hardware Keyboard State,FE-001/FE-010,gateway/notification,03_BACKEND/STATE_MACHINES.yaml where applicable,03_BACKEND/EVENT_CATALOG.yaml,02_ARCHITECTURE/CANONICAL_RESOURCE_MODEL.yaml,NOT_STARTED
VF-MOB-015,Background Notification Worker,FE-001/FE-010,gateway/notification,03_BACKEND/STATE_MACHINES.yaml where applicable,03_BACKEND/EVENT_CATALOG.yaml,02_ARCHITECTURE/CANONICAL_RESOURCE_MODEL.yaml,NOT_STARTED
VF-MOB-016,Device posture signal,FE-001/FE-010,gateway/notification,03_BACKEND/STATE_MACHINES.yaml where applicable,03_BACKEND/EVENT_CATALOG.yaml,02_ARCHITECTURE/CANONICAL_RESOURCE_MODEL.yaml,NOT_STARTED
VF-MOB-017,Screen Geometry State,FE-001/FE-010,gateway/notification,03_BACKEND/STATE_MACHINES.yaml where applicable,03_BACKEND/EVENT_CATALOG.yaml,02_ARCHITECTURE/CANONICAL_RESOURCE_MODEL.yaml,NOT_STARTED
VF-MOB-018,Secure device credential store,FE-001/FE-010,gateway/notification,03_BACKEND/STATE_MACHINES.yaml where applicable,03_BACKEND/EVENT_CATALOG.yaml,02_ARCHITECTURE/CANONICAL_RESOURCE_MODEL.yaml,NOT_STARTED
VF-MOB-019,Keyboard state bridge event,FE-001/FE-010,gateway/notification,03_BACKEND/STATE_MACHINES.yaml where applicable,03_BACKEND/EVENT_CATALOG.yaml,02_ARCHITECTURE/CANONICAL_RESOURCE_MODEL.yaml,NOT_STARTED
VF-MOB-020,Review prompt,FE-001/FE-010,gateway/notification,03_BACKEND/STATE_MACHINES.yaml where applicable,03_BACKEND/EVENT_CATALOG.yaml,02_ARCHITECTURE/CANONICAL_RESOURCE_MODEL.yaml,NOT_STARTED
VF-MOB-021,Safe Interaction Insets,FE-001/FE-010,gateway/notification,03_BACKEND/STATE_MACHINES.yaml where applicable,03_BACKEND/EVENT_CATALOG.yaml,02_ARCHITECTURE/CANONICAL_RESOURCE_MODEL.yaml,NOT_STARTED
VF-MOB-022,Privacy-safe Attribution Gate,FE-001/FE-010,gateway/notification,03_BACKEND/STATE_MACHINES.yaml where applicable,03_BACKEND/EVENT_CATALOG.yaml,02_ARCHITECTURE/CANONICAL_RESOURCE_MODEL.yaml,NOT_STARTED
VF-MOB-023,Voice context input,FE-001/FE-010,gateway/notification,03_BACKEND/STATE_MACHINES.yaml where applicable,03_BACKEND/EVENT_CATALOG.yaml,02_ARCHITECTURE/CANONICAL_RESOURCE_MODEL.yaml,NOT_STARTED
VF-BRG-001,ACK/result contract,FE-004,gateway,03_BACKEND/STATE_MACHINES.yaml where applicable,03_BACKEND/EVENT_CATALOG.yaml,02_ARCHITECTURE/CANONICAL_RESOURCE_MODEL.yaml,NOT_STARTED
VF-BRG-002,Bridge telemetry,FE-004,gateway,03_BACKEND/STATE_MACHINES.yaml where applicable,03_BACKEND/EVENT_CATALOG.yaml,02_ARCHITECTURE/CANONICAL_RESOURCE_MODEL.yaml,NOT_STARTED
VF-BRG-003,Strict envelope/schema validation,FE-004,gateway,03_BACKEND/STATE_MACHINES.yaml where applicable,03_BACKEND/EVENT_CATALOG.yaml,02_ARCHITECTURE/CANONICAL_RESOURCE_MODEL.yaml,NOT_STARTED
VF-BRG-004,Bridge Trace Context,FE-004,gateway,03_BACKEND/STATE_MACHINES.yaml where applicable,03_BACKEND/EVENT_CATALOG.yaml,02_ARCHITECTURE/CANONICAL_RESOURCE_MODEL.yaml,NOT_STARTED
VF-BRG-005,Web Surface Health State,FE-004,gateway,03_BACKEND/STATE_MACHINES.yaml where applicable,03_BACKEND/EVENT_CATALOG.yaml,02_ARCHITECTURE/CANONICAL_RESOURCE_MODEL.yaml,NOT_STARTED
VF-BRG-006,Low-latency Device State Dispatch,FE-004,gateway,03_BACKEND/STATE_MACHINES.yaml where applicable,03_BACKEND/EVENT_CATALOG.yaml,02_ARCHITECTURE/CANONICAL_RESOURCE_MODEL.yaml,NOT_STARTED
VF-BRG-007,EditorState projection,FE-004,gateway,03_BACKEND/STATE_MACHINES.yaml where applicable,03_BACKEND/EVENT_CATALOG.yaml,02_ARCHITECTURE/CANONICAL_RESOURCE_MODEL.yaml,NOT_STARTED
VF-BRG-008,ConnectionRefresh action,FE-004,gateway,03_BACKEND/STATE_MACHINES.yaml where applicable,03_BACKEND/EVENT_CATALOG.yaml,02_ARCHITECTURE/CANONICAL_RESOURCE_MODEL.yaml,NOT_STARTED
VF-BRG-009,Direction-bound envelope,FE-004,gateway,03_BACKEND/STATE_MACHINES.yaml where applicable,03_BACKEND/EVENT_CATALOG.yaml,02_ARCHITECTURE/CANONICAL_RESOURCE_MODEL.yaml,NOT_STARTED
VF-BRG-010,message_id + correlation_id,FE-004,gateway,03_BACKEND/STATE_MACHINES.yaml where applicable,03_BACKEND/EVENT_CATALOG.yaml,02_ARCHITECTURE/CANONICAL_RESOURCE_MODEL.yaml,NOT_STARTED
VF-BRG-011,Bridge Version Negotiation,FE-004,gateway,03_BACKEND/STATE_MACHINES.yaml where applicable,03_BACKEND/EVENT_CATALOG.yaml,02_ARCHITECTURE/CANONICAL_RESOURCE_MODEL.yaml,NOT_STARTED
VF-BRG-012,DeviceLayoutState,FE-004,gateway,03_BACKEND/STATE_MACHINES.yaml where applicable,03_BACKEND/EVENT_CATALOG.yaml,02_ARCHITECTURE/CANONICAL_RESOURCE_MODEL.yaml,NOT_STARTED
VF-BRG-013,Privileged Native Action Request,FE-004,gateway,03_BACKEND/STATE_MACHINES.yaml where applicable,03_BACKEND/EVENT_CATALOG.yaml,02_ARCHITECTURE/CANONICAL_RESOURCE_MODEL.yaml,NOT_STARTED
VF-BRG-014,OAuth Broker UI handoff,FE-004,gateway,03_BACKEND/STATE_MACHINES.yaml where applicable,03_BACKEND/EVENT_CATALOG.yaml,02_ARCHITECTURE/CANONICAL_RESOURCE_MODEL.yaml,NOT_STARTED
VF-BRG-015,Origin + account/project/workspace binding,FE-004,gateway,03_BACKEND/STATE_MACHINES.yaml where applicable,03_BACKEND/EVENT_CATALOG.yaml,02_ARCHITECTURE/CANONICAL_RESOURCE_MODEL.yaml,NOT_STARTED
VF-BRG-016,EntitlementUpsellRequest,FE-004,gateway,03_BACKEND/STATE_MACHINES.yaml where applicable,03_BACKEND/EVENT_CATALOG.yaml,02_ARCHITECTURE/CANONICAL_RESOURCE_MODEL.yaml,NOT_STARTED
VF-BRG-017,Permission Broker,FE-004,gateway,03_BACKEND/STATE_MACHINES.yaml where applicable,03_BACKEND/EVENT_CATALOG.yaml,02_ARCHITECTURE/CANONICAL_RESOURCE_MODEL.yaml,NOT_STARTED
VF-BRG-018,Nonce/sequence/idempotency policy,FE-004,gateway,03_BACKEND/STATE_MACHINES.yaml where applicable,03_BACKEND/EVENT_CATALOG.yaml,02_ARCHITECTURE/CANONICAL_RESOURCE_MODEL.yaml,NOT_STARTED
VF-BRG-019,TerminalCommand,FE-004,gateway,03_BACKEND/STATE_MACHINES.yaml where applicable,03_BACKEND/EVENT_CATALOG.yaml,02_ARCHITECTURE/CANONICAL_RESOURCE_MODEL.yaml,NOT_STARTED
VF-BRG-020,EditorAction command,FE-004,gateway,03_BACKEND/STATE_MACHINES.yaml where applicable,03_BACKEND/EVENT_CATALOG.yaml,02_ARCHITECTURE/CANONICAL_RESOURCE_MODEL.yaml,NOT_STARTED
VF-BRG-021,VibeFlow Workspace Bridge Protocol,FE-004,gateway,03_BACKEND/STATE_MACHINES.yaml where applicable,03_BACKEND/EVENT_CATALOG.yaml,02_ARCHITECTURE/CANONICAL_RESOURCE_MODEL.yaml,NOT_STARTED
VF-BRG-022,WorkspaceAction command,FE-004,gateway,03_BACKEND/STATE_MACHINES.yaml where applicable,03_BACKEND/EVENT_CATALOG.yaml,02_ARCHITECTURE/CANONICAL_RESOURCE_MODEL.yaml,NOT_STARTED
VF-BRG-023,Capability Invocation Envelope,FE-004,gateway,03_BACKEND/STATE_MACHINES.yaml where applicable,03_BACKEND/EVENT_CATALOG.yaml,02_ARCHITECTURE/CANONICAL_RESOURCE_MODEL.yaml,NOT_STARTED
VF-BRG-024,WorkspaceState projection,FE-004,gateway,03_BACKEND/STATE_MACHINES.yaml where applicable,03_BACKEND/EVENT_CATALOG.yaml,02_ARCHITECTURE/CANONICAL_RESOURCE_MODEL.yaml,NOT_STARTED
VF-IAM-001,Deletion Orchestrator,FE-012,identity/policy,03_BACKEND/STATE_MACHINES.yaml where applicable,03_BACKEND/EVENT_CATALOG.yaml,02_ARCHITECTURE/CANONICAL_RESOURCE_MODEL.yaml,NOT_STARTED
VF-IAM-002,App Auth Provider Binding,FE-012,identity/policy,03_BACKEND/STATE_MACHINES.yaml where applicable,03_BACKEND/EVENT_CATALOG.yaml,02_ARCHITECTURE/CANONICAL_RESOURCE_MODEL.yaml,NOT_STARTED
VF-IAM-003,App Identity Adapter,FE-012,identity/policy,03_BACKEND/STATE_MACHINES.yaml where applicable,03_BACKEND/EVENT_CATALOG.yaml,02_ARCHITECTURE/CANONICAL_RESOURCE_MODEL.yaml,NOT_STARTED
VF-IAM-004,Audit Event Ledger,FE-012,identity/policy,03_BACKEND/STATE_MACHINES.yaml where applicable,03_BACKEND/EVENT_CATALOG.yaml,02_ARCHITECTURE/CANONICAL_RESOURCE_MODEL.yaml,NOT_STARTED
VF-IAM-005,VibeFlow Session,FE-012,identity/policy,03_BACKEND/STATE_MACHINES.yaml where applicable,03_BACKEND/EVENT_CATALOG.yaml,02_ARCHITECTURE/CANONICAL_RESOURCE_MODEL.yaml,NOT_STARTED
VF-IAM-006,VibeFlow Account Identity,FE-012,identity/policy,03_BACKEND/STATE_MACHINES.yaml where applicable,03_BACKEND/EVENT_CATALOG.yaml,02_ARCHITECTURE/CANONICAL_RESOURCE_MODEL.yaml,NOT_STARTED
VF-IAM-007,Federated Login,FE-012,identity/policy,03_BACKEND/STATE_MACHINES.yaml where applicable,03_BACKEND/EVENT_CATALOG.yaml,02_ARCHITECTURE/CANONICAL_RESOURCE_MODEL.yaml,NOT_STARTED
VF-IAM-008,MFA / verification,FE-012,identity/policy,03_BACKEND/STATE_MACHINES.yaml where applicable,03_BACKEND/EVENT_CATALOG.yaml,02_ARCHITECTURE/CANONICAL_RESOURCE_MODEL.yaml,NOT_STARTED
VF-IAM-009,OAuth Callback Broker,FE-012,identity/policy,03_BACKEND/STATE_MACHINES.yaml where applicable,03_BACKEND/EVENT_CATALOG.yaml,02_ARCHITECTURE/CANONICAL_RESOURCE_MODEL.yaml,NOT_STARTED
VF-IAM-010,Project ownership,FE-012,identity/policy,03_BACKEND/STATE_MACHINES.yaml where applicable,03_BACKEND/EVENT_CATALOG.yaml,02_ARCHITECTURE/CANONICAL_RESOURCE_MODEL.yaml,NOT_STARTED
VF-IAM-011,Resource policy,FE-012,identity/policy,03_BACKEND/STATE_MACHINES.yaml where applicable,03_BACKEND/EVENT_CATALOG.yaml,02_ARCHITECTURE/CANONICAL_RESOURCE_MODEL.yaml,NOT_STARTED
VF-IAM-012,Role/Group binding,FE-012,identity/policy,03_BACKEND/STATE_MACHINES.yaml where applicable,03_BACKEND/EVENT_CATALOG.yaml,02_ARCHITECTURE/CANONICAL_RESOURCE_MODEL.yaml,NOT_STARTED
VF-IAM-013,Enterprise SSO,FE-012,identity/policy,03_BACKEND/STATE_MACHINES.yaml where applicable,03_BACKEND/EVENT_CATALOG.yaml,02_ARCHITECTURE/CANONICAL_RESOURCE_MODEL.yaml,NOT_STARTED
VF-IAM-014,Enterprise Provisioning,FE-012,identity/policy,03_BACKEND/STATE_MACHINES.yaml where applicable,03_BACKEND/EVENT_CATALOG.yaml,02_ARCHITECTURE/CANONICAL_RESOURCE_MODEL.yaml,NOT_STARTED
VF-IAM-015,Org Role/Seat Policy,FE-012,identity/policy,03_BACKEND/STATE_MACHINES.yaml where applicable,03_BACKEND/EVENT_CATALOG.yaml,02_ARCHITECTURE/CANONICAL_RESOURCE_MODEL.yaml,NOT_STARTED
VF-IAM-016,Organization + Membership,FE-012,identity/policy,03_BACKEND/STATE_MACHINES.yaml where applicable,03_BACKEND/EVENT_CATALOG.yaml,02_ARCHITECTURE/CANONICAL_RESOURCE_MODEL.yaml,NOT_STARTED
VF-PRJ-001,Artifact Registry,FE-001/FE-002,project,03_BACKEND/STATE_MACHINES.yaml where applicable,03_BACKEND/EVENT_CATALOG.yaml,02_ARCHITECTURE/CANONICAL_RESOURCE_MODEL.yaml,NOT_STARTED
VF-PRJ-002,ArtifactVersion,FE-001/FE-002,project,03_BACKEND/STATE_MACHINES.yaml where applicable,03_BACKEND/EVENT_CATALOG.yaml,02_ARCHITECTURE/CANONICAL_RESOURCE_MODEL.yaml,NOT_STARTED
VF-PRJ-003,ArtifactGraph,FE-001/FE-002,project,03_BACKEND/STATE_MACHINES.yaml where applicable,03_BACKEND/EVENT_CATALOG.yaml,02_ARCHITECTURE/CANONICAL_RESOURCE_MODEL.yaml,NOT_STARTED
VF-PRJ-004,Project Archive Import,FE-001/FE-002,project,03_BACKEND/STATE_MACHINES.yaml where applicable,03_BACKEND/EVENT_CATALOG.yaml,02_ARCHITECTURE/CANONICAL_RESOURCE_MODEL.yaml,NOT_STARTED
VF-PRJ-005,Unbound/empty Project,FE-001/FE-002,project,03_BACKEND/STATE_MACHINES.yaml where applicable,03_BACKEND/EVENT_CATALOG.yaml,02_ARCHITECTURE/CANONICAL_RESOURCE_MODEL.yaml,NOT_STARTED
VF-PRJ-006,Project Collection/Labels,FE-001/FE-002,project,03_BACKEND/STATE_MACHINES.yaml where applicable,03_BACKEND/EVENT_CATALOG.yaml,02_ARCHITECTURE/CANONICAL_RESOURCE_MODEL.yaml,NOT_STARTED
VF-PRJ-007,Project Clone Plan,FE-001/FE-002,project,03_BACKEND/STATE_MACHINES.yaml where applicable,03_BACKEND/EVENT_CATALOG.yaml,02_ARCHITECTURE/CANONICAL_RESOURCE_MODEL.yaml,NOT_STARTED
VF-PRJ-008,Repository Import Adapter,FE-001/FE-002,project,03_BACKEND/STATE_MACHINES.yaml where applicable,03_BACKEND/EVENT_CATALOG.yaml,02_ARCHITECTURE/CANONICAL_RESOURCE_MODEL.yaml,NOT_STARTED
VF-PRJ-009,Builder Migration Adapter,FE-001/FE-002,project,03_BACKEND/STATE_MACHINES.yaml where applicable,03_BACKEND/EVENT_CATALOG.yaml,02_ARCHITECTURE/CANONICAL_RESOURCE_MODEL.yaml,NOT_STARTED
VF-PRJ-010,Design Import Adapter,FE-001/FE-002,project,03_BACKEND/STATE_MACHINES.yaml where applicable,03_BACKEND/EVENT_CATALOG.yaml,02_ARCHITECTURE/CANONICAL_RESOURCE_MODEL.yaml,NOT_STARTED
VF-PRJ-011,Deployment-to-Repo Import Helper,FE-001/FE-002,project,03_BACKEND/STATE_MACHINES.yaml where applicable,03_BACKEND/EVENT_CATALOG.yaml,02_ARCHITECTURE/CANONICAL_RESOURCE_MODEL.yaml,NOT_STARTED
VF-PRJ-012,RepositoryBinding import,FE-001/FE-002,project,03_BACKEND/STATE_MACHINES.yaml where applicable,03_BACKEND/EVENT_CATALOG.yaml,02_ARCHITECTURE/CANONICAL_RESOURCE_MODEL.yaml,NOT_STARTED
VF-PRJ-013,Artifact,FE-001/FE-002,project,03_BACKEND/STATE_MACHINES.yaml where applicable,03_BACKEND/EVENT_CATALOG.yaml,02_ARCHITECTURE/CANONICAL_RESOURCE_MODEL.yaml,NOT_STARTED
VF-PRJ-014,ProjectCapabilityProfile,FE-001/FE-002,project,03_BACKEND/STATE_MACHINES.yaml where applicable,03_BACKEND/EVENT_CATALOG.yaml,02_ARCHITECTURE/CANONICAL_RESOURCE_MODEL.yaml,NOT_STARTED
VF-PRJ-015,Project,FE-001/FE-002,project,03_BACKEND/STATE_MACHINES.yaml where applicable,03_BACKEND/EVENT_CATALOG.yaml,02_ARCHITECTURE/CANONICAL_RESOURCE_MODEL.yaml,NOT_STARTED
VF-PRJ-016,Project Profile,FE-001/FE-002,project,03_BACKEND/STATE_MACHINES.yaml where applicable,03_BACKEND/EVENT_CATALOG.yaml,02_ARCHITECTURE/CANONICAL_RESOURCE_MODEL.yaml,NOT_STARTED
VF-PRJ-017,Typed Artifact Graph,FE-001/FE-002,project,03_BACKEND/STATE_MACHINES.yaml where applicable,03_BACKEND/EVENT_CATALOG.yaml,02_ARCHITECTURE/CANONICAL_RESOURCE_MODEL.yaml,NOT_STARTED
VF-AGT-001,Agent delegation,FE-003,execution/gateway,03_BACKEND/STATE_MACHINES.yaml where applicable,03_BACKEND/EVENT_CATALOG.yaml,02_ARCHITECTURE/CANONICAL_RESOURCE_MODEL.yaml,NOT_STARTED
VF-AGT-002,Generic agent UI event adapter,FE-003,execution/gateway,03_BACKEND/STATE_MACHINES.yaml where applicable,03_BACKEND/EVENT_CATALOG.yaml,02_ARCHITECTURE/CANONICAL_RESOURCE_MODEL.yaml,NOT_STARTED
VF-AGT-003,Agent Session,FE-003,execution/gateway,03_BACKEND/STATE_MACHINES.yaml where applicable,03_BACKEND/EVENT_CATALOG.yaml,02_ARCHITECTURE/CANONICAL_RESOURCE_MODEL.yaml,NOT_STARTED
VF-AGT-004,AgentContextRef,FE-003,execution/gateway,03_BACKEND/STATE_MACHINES.yaml where applicable,03_BACKEND/EVENT_CATALOG.yaml,02_ARCHITECTURE/CANONICAL_RESOURCE_MODEL.yaml,NOT_STARTED
VF-AGT-005,Durable Task Input Queue,FE-003,execution/gateway,03_BACKEND/STATE_MACHINES.yaml where applicable,03_BACKEND/EVENT_CATALOG.yaml,02_ARCHITECTURE/CANONICAL_RESOURCE_MODEL.yaml,NOT_STARTED
VF-AGT-006,DiagnosticGrant,FE-003,execution/gateway,03_BACKEND/STATE_MACHINES.yaml where applicable,03_BACKEND/EVENT_CATALOG.yaml,02_ARCHITECTURE/CANONICAL_RESOURCE_MODEL.yaml,NOT_STARTED
VF-AGT-007,AgentEvidence,FE-003,execution/gateway,03_BACKEND/STATE_MACHINES.yaml where applicable,03_BACKEND/EVENT_CATALOG.yaml,02_ARCHITECTURE/CANONICAL_RESOURCE_MODEL.yaml,NOT_STARTED
VF-AGT-008,Project/Org Skills,FE-003,execution/gateway,03_BACKEND/STATE_MACHINES.yaml where applicable,03_BACKEND/EVENT_CATALOG.yaml,02_ARCHITECTURE/CANONICAL_RESOURCE_MODEL.yaml,NOT_STARTED
VF-AGT-009,Execution status event stream,FE-003,execution/gateway,03_BACKEND/STATE_MACHINES.yaml where applicable,03_BACKEND/EVENT_CATALOG.yaml,02_ARCHITECTURE/CANONICAL_RESOURCE_MODEL.yaml,NOT_STARTED
VF-AGT-010,Verification Policy Preferences,FE-003,execution/gateway,03_BACKEND/STATE_MACHINES.yaml where applicable,03_BACKEND/EVENT_CATALOG.yaml,02_ARCHITECTURE/CANONICAL_RESOURCE_MODEL.yaml,NOT_STARTED
VF-AGT-011,Tool capability,FE-003,execution/gateway,03_BACKEND/STATE_MACHINES.yaml where applicable,03_BACKEND/EVENT_CATALOG.yaml,02_ARCHITECTURE/CANONICAL_RESOURCE_MODEL.yaml,NOT_STARTED
VF-AGT-012,Agent Application Artifact,FE-003,execution/gateway,03_BACKEND/STATE_MACHINES.yaml where applicable,03_BACKEND/EVENT_CATALOG.yaml,02_ARCHITECTURE/CANONICAL_RESOURCE_MODEL.yaml,NOT_STARTED
VF-AGT-013,Audio Generation Provider Binding,FE-003,execution/gateway,03_BACKEND/STATE_MACHINES.yaml where applicable,03_BACKEND/EVENT_CATALOG.yaml,02_ARCHITECTURE/CANONICAL_RESOURCE_MODEL.yaml,NOT_STARTED
VF-AGT-014,Execution,FE-003,execution/gateway,03_BACKEND/STATE_MACHINES.yaml where applicable,03_BACKEND/EVENT_CATALOG.yaml,02_ARCHITECTURE/CANONICAL_RESOURCE_MODEL.yaml,NOT_STARTED
VF-AGT-015,EXECUTE mode,FE-003,execution/gateway,03_BACKEND/STATE_MACHINES.yaml where applicable,03_BACKEND/EVENT_CATALOG.yaml,02_ARCHITECTURE/CANONICAL_RESOURCE_MODEL.yaml,NOT_STARTED
VF-AGT-016,Task Dependency Graph,FE-003,execution/gateway,03_BACKEND/STATE_MACHINES.yaml where applicable,03_BACKEND/EVENT_CATALOG.yaml,02_ARCHITECTURE/CANONICAL_RESOURCE_MODEL.yaml,NOT_STARTED
VF-AGT-017,General Coding Agent Binding,FE-003,execution/gateway,03_BACKEND/STATE_MACHINES.yaml where applicable,03_BACKEND/EVENT_CATALOG.yaml,02_ARCHITECTURE/CANONICAL_RESOURCE_MODEL.yaml,NOT_STARTED
VF-AGT-018,Image Generation Provider Binding,FE-003,execution/gateway,03_BACKEND/STATE_MACHINES.yaml where applicable,03_BACKEND/EVENT_CATALOG.yaml,02_ARCHITECTURE/CANONICAL_RESOURCE_MODEL.yaml,NOT_STARTED
VF-AGT-019,Execution Profile,FE-003,execution/gateway,03_BACKEND/STATE_MACHINES.yaml where applicable,03_BACKEND/EVENT_CATALOG.yaml,02_ARCHITECTURE/CANONICAL_RESOURCE_MODEL.yaml,NOT_STARTED
VF-AGT-020,MCP Client,FE-003,execution/gateway,03_BACKEND/STATE_MACHINES.yaml where applicable,03_BACKEND/EVENT_CATALOG.yaml,02_ARCHITECTURE/CANONICAL_RESOURCE_MODEL.yaml,NOT_STARTED
VF-AGT-021,ModelBinding/AgentProfile,FE-003,execution/gateway,03_BACKEND/STATE_MACHINES.yaml where applicable,03_BACKEND/EVENT_CATALOG.yaml,02_ARCHITECTURE/CANONICAL_RESOURCE_MODEL.yaml,NOT_STARTED
VF-AGT-022,Parallel Execution Set,FE-003,execution/gateway,03_BACKEND/STATE_MACHINES.yaml where applicable,03_BACKEND/EVENT_CATALOG.yaml,02_ARCHITECTURE/CANONICAL_RESOURCE_MODEL.yaml,NOT_STARTED
VF-AGT-023,Agent Preference Profile,FE-003,execution/gateway,03_BACKEND/STATE_MACHINES.yaml where applicable,03_BACKEND/EVENT_CATALOG.yaml,02_ARCHITECTURE/CANONICAL_RESOURCE_MODEL.yaml,NOT_STARTED
VF-AGT-024,PLAN execution mode,FE-003,execution/gateway,03_BACKEND/STATE_MACHINES.yaml where applicable,03_BACKEND/EVENT_CATALOG.yaml,02_ARCHITECTURE/CANONICAL_RESOURCE_MODEL.yaml,NOT_STARTED
VF-AGT-025,VibeFlow MCP server — agent/tool exposure,FE-003,execution/gateway,03_BACKEND/STATE_MACHINES.yaml where applicable,03_BACKEND/EVENT_CATALOG.yaml,02_ARCHITECTURE/CANONICAL_RESOURCE_MODEL.yaml,NOT_STARTED
VF-AGT-026,A2A Agent Delegation,FE-003,execution/gateway,03_BACKEND/STATE_MACHINES.yaml where applicable,03_BACKEND/EVENT_CATALOG.yaml,02_ARCHITECTURE/CANONICAL_RESOURCE_MODEL.yaml,NOT_STARTED
VF-AGT-027,Task,FE-003,execution/gateway,03_BACKEND/STATE_MACHINES.yaml where applicable,03_BACKEND/EVENT_CATALOG.yaml,02_ARCHITECTURE/CANONICAL_RESOURCE_MODEL.yaml,NOT_STARTED
VF-AGT-028,Normalized Task State Machine,FE-003,execution/gateway,03_BACKEND/STATE_MACHINES.yaml where applicable,03_BACKEND/EVENT_CATALOG.yaml,02_ARCHITECTURE/CANONICAL_RESOURCE_MODEL.yaml,NOT_STARTED
VF-AGT-029,PlanArtifact,FE-003,execution/gateway,03_BACKEND/STATE_MACHINES.yaml where applicable,03_BACKEND/EVENT_CATALOG.yaml,02_ARCHITECTURE/CANONICAL_RESOURCE_MODEL.yaml,NOT_STARTED
VF-AGT-030,Latency Priority Hint,FE-003,execution/gateway,03_BACKEND/STATE_MACHINES.yaml where applicable,03_BACKEND/EVENT_CATALOG.yaml,02_ARCHITECTURE/CANONICAL_RESOURCE_MODEL.yaml,NOT_STARTED
VF-AGT-031,Voice Input/Conversation Adapter,FE-003,execution/gateway,03_BACKEND/STATE_MACHINES.yaml where applicable,03_BACKEND/EVENT_CATALOG.yaml,02_ARCHITECTURE/CANONICAL_RESOURCE_MODEL.yaml,NOT_STARTED
VF-AGT-032,Web Research Tool Capability,FE-003,execution/gateway,03_BACKEND/STATE_MACHINES.yaml where applicable,03_BACKEND/EVENT_CATALOG.yaml,02_ARCHITECTURE/CANONICAL_RESOURCE_MODEL.yaml,NOT_STARTED
VF-WKS-001,Command Execution UI,FE-004,workspace-adapter/gateway,03_BACKEND/STATE_MACHINES.yaml where applicable,03_BACKEND/EVENT_CATALOG.yaml,02_ARCHITECTURE/CANONICAL_RESOURCE_MODEL.yaml,NOT_STARTED
VF-WKS-002,Editor Surface,FE-004,workspace-adapter/gateway,03_BACKEND/STATE_MACHINES.yaml where applicable,03_BACKEND/EVENT_CATALOG.yaml,02_ARCHITECTURE/CANONICAL_RESOURCE_MODEL.yaml,NOT_STARTED
VF-WKS-003,ExecutionLog stream,FE-004,workspace-adapter/gateway,03_BACKEND/STATE_MACHINES.yaml where applicable,03_BACKEND/EVENT_CATALOG.yaml,02_ARCHITECTURE/CANONICAL_RESOURCE_MODEL.yaml,NOT_STARTED
VF-WKS-004,PreviewEndpoint,FE-004,workspace-adapter/gateway,03_BACKEND/STATE_MACHINES.yaml where applicable,03_BACKEND/EVENT_CATALOG.yaml,02_ARCHITECTURE/CANONICAL_RESOURCE_MODEL.yaml,NOT_STARTED
VF-WKS-005,Preview Access Policy,FE-004,workspace-adapter/gateway,03_BACKEND/STATE_MACHINES.yaml where applicable,03_BACKEND/EVENT_CATALOG.yaml,02_ARCHITECTURE/CANONICAL_RESOURCE_MODEL.yaml,NOT_STARTED
VF-WKS-006,ChangeSet view,FE-004,workspace-adapter/gateway,03_BACKEND/STATE_MACHINES.yaml where applicable,03_BACKEND/EVENT_CATALOG.yaml,02_ARCHITECTURE/CANONICAL_RESOURCE_MODEL.yaml,NOT_STARTED
VF-WKS-007,Workspace Layout State,FE-004,workspace-adapter/gateway,03_BACKEND/STATE_MACHINES.yaml where applicable,03_BACKEND/EVENT_CATALOG.yaml,02_ARCHITECTURE/CANONICAL_RESOURCE_MODEL.yaml,NOT_STARTED
VF-WKS-008,EnvironmentSpec,FE-004,workspace-adapter/gateway,03_BACKEND/STATE_MACHINES.yaml where applicable,03_BACKEND/EVENT_CATALOG.yaml,02_ARCHITECTURE/CANONICAL_RESOURCE_MODEL.yaml,NOT_STARTED
VF-WKS-009,Shortcut Registry,FE-004,workspace-adapter/gateway,03_BACKEND/STATE_MACHINES.yaml where applicable,03_BACKEND/EVENT_CATALOG.yaml,02_ARCHITECTURE/CANONICAL_RESOURCE_MODEL.yaml,NOT_STARTED
VF-WKS-010,LanguageService capability,FE-004,workspace-adapter/gateway,03_BACKEND/STATE_MACHINES.yaml where applicable,03_BACKEND/EVENT_CATALOG.yaml,02_ARCHITECTURE/CANONICAL_RESOURCE_MODEL.yaml,NOT_STARTED
VF-WKS-011,Lightweight mobile syntax/action layer,FE-004,workspace-adapter/gateway,03_BACKEND/STATE_MACHINES.yaml where applicable,03_BACKEND/EVENT_CATALOG.yaml,02_ARCHITECTURE/CANONICAL_RESOURCE_MODEL.yaml,NOT_STARTED
VF-WKS-012,Environment Capability Descriptor,FE-004,workspace-adapter/gateway,03_BACKEND/STATE_MACHINES.yaml where applicable,03_BACKEND/EVENT_CATALOG.yaml,02_ARCHITECTURE/CANONICAL_RESOURCE_MODEL.yaml,NOT_STARTED
VF-WKS-013,PackageOperation,FE-004,workspace-adapter/gateway,03_BACKEND/STATE_MACHINES.yaml where applicable,03_BACKEND/EVENT_CATALOG.yaml,02_ARCHITECTURE/CANONICAL_RESOURCE_MODEL.yaml,NOT_STARTED
VF-WKS-014,NetworkCapability,FE-004,workspace-adapter/gateway,03_BACKEND/STATE_MACHINES.yaml where applicable,03_BACKEND/EVENT_CATALOG.yaml,02_ARCHITECTURE/CANONICAL_RESOURCE_MODEL.yaml,NOT_STARTED
VF-WKS-015,Presence/CollaborativeDocument,FE-004,workspace-adapter/gateway,03_BACKEND/STATE_MACHINES.yaml where applicable,03_BACKEND/EVENT_CATALOG.yaml,02_ARCHITECTURE/CANONICAL_RESOURCE_MODEL.yaml,NOT_STARTED
VF-WKS-016,WorkspaceBinding.filesystem,FE-004,workspace-adapter/gateway,03_BACKEND/STATE_MACHINES.yaml where applicable,03_BACKEND/EVENT_CATALOG.yaml,02_ARCHITECTURE/CANONICAL_RESOURCE_MODEL.yaml,NOT_STARTED
VF-WKS-017,WorkspaceResourceMetrics,FE-004,workspace-adapter/gateway,03_BACKEND/STATE_MACHINES.yaml where applicable,03_BACKEND/EVENT_CATALOG.yaml,02_ARCHITECTURE/CANONICAL_RESOURCE_MODEL.yaml,NOT_STARTED
VF-WKS-018,Execution command,FE-004,workspace-adapter/gateway,03_BACKEND/STATE_MACHINES.yaml where applicable,03_BACKEND/EVENT_CATALOG.yaml,02_ARCHITECTURE/CANONICAL_RESOURCE_MODEL.yaml,NOT_STARTED
VF-WKS-019,WorkspaceExecution capability,FE-004,workspace-adapter/gateway,03_BACKEND/STATE_MACHINES.yaml where applicable,03_BACKEND/EVENT_CATALOG.yaml,02_ARCHITECTURE/CANONICAL_RESOURCE_MODEL.yaml,NOT_STARTED
VF-WKS-020,Search capability,FE-004,workspace-adapter/gateway,03_BACKEND/STATE_MACHINES.yaml where applicable,03_BACKEND/EVENT_CATALOG.yaml,02_ARCHITECTURE/CANONICAL_RESOURCE_MODEL.yaml,NOT_STARTED
VF-WKS-021,TerminalSession,FE-004,workspace-adapter/gateway,03_BACKEND/STATE_MACHINES.yaml where applicable,03_BACKEND/EVENT_CATALOG.yaml,02_ARCHITECTURE/CANONICAL_RESOURCE_MODEL.yaml,NOT_STARTED
VF-WKS-022,External Workspace Access Capability,FE-004,workspace-adapter/gateway,03_BACKEND/STATE_MACHINES.yaml where applicable,03_BACKEND/EVENT_CATALOG.yaml,02_ARCHITECTURE/CANONICAL_RESOURCE_MODEL.yaml,NOT_STARTED
VF-WKS-023,Workspace Preference Profile,FE-004,workspace-adapter/gateway,03_BACKEND/STATE_MACHINES.yaml where applicable,03_BACKEND/EVENT_CATALOG.yaml,02_ARCHITECTURE/CANONICAL_RESOURCE_MODEL.yaml,NOT_STARTED
VF-WKS-024,WorkspaceIsolation capability,FE-004,workspace-adapter/gateway,03_BACKEND/STATE_MACHINES.yaml where applicable,03_BACKEND/EVENT_CATALOG.yaml,02_ARCHITECTURE/CANONICAL_RESOURCE_MODEL.yaml,NOT_STARTED
VF-GIT-001,CheckpointManifest,FE-005,repository,03_BACKEND/STATE_MACHINES.yaml where applicable,03_BACKEND/EVENT_CATALOG.yaml,02_ARCHITECTURE/CANONICAL_RESOURCE_MODEL.yaml,NOT_STARTED
VF-GIT-002,AgentContextSnapshotRef,FE-005,repository,03_BACKEND/STATE_MACHINES.yaml where applicable,03_BACKEND/EVENT_CATALOG.yaml,02_ARCHITECTURE/CANONICAL_RESOURCE_MODEL.yaml,NOT_STARTED
VF-GIT-003,Checkpoint Policy Hook,FE-005,repository,03_BACKEND/STATE_MACHINES.yaml where applicable,03_BACKEND/EVENT_CATALOG.yaml,02_ARCHITECTURE/CANONICAL_RESOURCE_MODEL.yaml,NOT_STARTED
VF-GIT-004,Checkpoint DAG,FE-005,repository,03_BACKEND/STATE_MACHINES.yaml where applicable,03_BACKEND/EVENT_CATALOG.yaml,02_ARCHITECTURE/CANONICAL_RESOURCE_MODEL.yaml,NOT_STARTED
VF-GIT-005,Branch/Review flow,FE-005,repository,03_BACKEND/STATE_MACHINES.yaml where applicable,03_BACKEND/EVENT_CATALOG.yaml,02_ARCHITECTURE/CANONICAL_RESOURCE_MODEL.yaml,NOT_STARTED
VF-GIT-006,CheckpointManifest.ai_context_ref,FE-005,repository,03_BACKEND/STATE_MACHINES.yaml where applicable,03_BACKEND/EVENT_CATALOG.yaml,02_ARCHITECTURE/CANONICAL_RESOURCE_MODEL.yaml,NOT_STARTED
VF-GIT-007,CheckpointManifest.environment_ref,FE-005,repository,03_BACKEND/STATE_MACHINES.yaml where applicable,03_BACKEND/EVENT_CATALOG.yaml,02_ARCHITECTURE/CANONICAL_RESOURCE_MODEL.yaml,NOT_STARTED
VF-GIT-008,DatabaseSnapshotRef,FE-005,repository,03_BACKEND/STATE_MACHINES.yaml where applicable,03_BACKEND/EVENT_CATALOG.yaml,02_ARCHITECTURE/CANONICAL_RESOURCE_MODEL.yaml,NOT_STARTED
VF-GIT-009,FileHistory projection,FE-005,repository,03_BACKEND/STATE_MACHINES.yaml where applicable,03_BACKEND/EVENT_CATALOG.yaml,02_ARCHITECTURE/CANONICAL_RESOURCE_MODEL.yaml,NOT_STARTED
VF-GIT-010,RepositoryBinding,FE-005,repository,03_BACKEND/STATE_MACHINES.yaml where applicable,03_BACKEND/EVENT_CATALOG.yaml,02_ARCHITECTURE/CANONICAL_RESOURCE_MODEL.yaml,NOT_STARTED
VF-GIT-011,CheckpointManifest.data_snapshot_ref,FE-005,repository,03_BACKEND/STATE_MACHINES.yaml where applicable,03_BACKEND/EVENT_CATALOG.yaml,02_ARCHITECTURE/CANONICAL_RESOURCE_MODEL.yaml,NOT_STARTED
VF-GIT-012,Production Data Recovery,FE-005,repository,03_BACKEND/STATE_MACHINES.yaml where applicable,03_BACKEND/EVENT_CATALOG.yaml,02_ARCHITECTURE/CANONICAL_RESOURCE_MODEL.yaml,NOT_STARTED
VF-GIT-013,RecoveryVerification,FE-005,repository,03_BACKEND/STATE_MACHINES.yaml where applicable,03_BACKEND/EVENT_CATALOG.yaml,02_ARCHITECTURE/CANONICAL_RESOURCE_MODEL.yaml,NOT_STARTED
VF-GIT-014,RecoveryGraph,FE-005,repository,03_BACKEND/STATE_MACHINES.yaml where applicable,03_BACKEND/EVENT_CATALOG.yaml,02_ARCHITECTURE/CANONICAL_RESOURCE_MODEL.yaml,NOT_STARTED
VF-GIT-015,RecoveryPlan + approval,FE-005,repository,03_BACKEND/STATE_MACHINES.yaml where applicable,03_BACKEND/EVENT_CATALOG.yaml,02_ARCHITECTURE/CANONICAL_RESOURCE_MODEL.yaml,NOT_STARTED
VF-GIT-016,RepoCommand,FE-005,repository,03_BACKEND/STATE_MACHINES.yaml where applicable,03_BACKEND/EVENT_CATALOG.yaml,02_ARCHITECTURE/CANONICAL_RESOURCE_MODEL.yaml,NOT_STARTED
VF-GIT-017,WorkspaceSnapshotRef,FE-005,repository,03_BACKEND/STATE_MACHINES.yaml where applicable,03_BACKEND/EVENT_CATALOG.yaml,02_ARCHITECTURE/CANONICAL_RESOURCE_MODEL.yaml,NOT_STARTED
VF-CON-001,SecretRef,FE-006,connection/policy,03_BACKEND/STATE_MACHINES.yaml where applicable,03_BACKEND/EVENT_CATALOG.yaml,02_ARCHITECTURE/CANONICAL_RESOURCE_MODEL.yaml,NOT_STARTED
VF-CON-002,Service Connection Adapter,FE-006,connection/policy,03_BACKEND/STATE_MACHINES.yaml where applicable,03_BACKEND/EVENT_CATALOG.yaml,02_ARCHITECTURE/CANONICAL_RESOURCE_MODEL.yaml,NOT_STARTED
VF-CON-003,Commerce Connection Adapter,FE-006,connection/policy,03_BACKEND/STATE_MACHINES.yaml where applicable,03_BACKEND/EVENT_CATALOG.yaml,02_ARCHITECTURE/CANONICAL_RESOURCE_MODEL.yaml,NOT_STARTED
VF-CON-004,ApprovalPolicy,FE-006,connection/policy,03_BACKEND/STATE_MACHINES.yaml where applicable,03_BACKEND/EVENT_CATALOG.yaml,02_ARCHITECTURE/CANONICAL_RESOURCE_MODEL.yaml,NOT_STARTED
VF-CON-005,ConnectionCatalog,FE-006,connection/policy,03_BACKEND/STATE_MACHINES.yaml where applicable,03_BACKEND/EVENT_CATALOG.yaml,02_ARCHITECTURE/CANONICAL_RESOURCE_MODEL.yaml,NOT_STARTED
VF-CON-006,Provider Capability Catalog,FE-006,connection/policy,03_BACKEND/STATE_MACHINES.yaml where applicable,03_BACKEND/EVENT_CATALOG.yaml,02_ARCHITECTURE/CANONICAL_RESOURCE_MODEL.yaml,NOT_STARTED
VF-CON-007,Custom MCP Connection,FE-006,connection/policy,03_BACKEND/STATE_MACHINES.yaml where applicable,03_BACKEND/EVENT_CATALOG.yaml,02_ARCHITECTURE/CANONICAL_RESOURCE_MODEL.yaml,NOT_STARTED
VF-CON-008,MCPConnection,FE-006,connection/policy,03_BACKEND/STATE_MACHINES.yaml where applicable,03_BACKEND/EVENT_CATALOG.yaml,02_ARCHITECTURE/CANONICAL_RESOURCE_MODEL.yaml,NOT_STARTED
VF-CON-009,Data Connection Adapter,FE-006,connection/policy,03_BACKEND/STATE_MACHINES.yaml where applicable,03_BACKEND/EVENT_CATALOG.yaml,02_ARCHITECTURE/CANONICAL_RESOURCE_MODEL.yaml,NOT_STARTED
VF-CON-010,ProviderCredentialRef,FE-006,connection/policy,03_BACKEND/STATE_MACHINES.yaml where applicable,03_BACKEND/EVENT_CATALOG.yaml,02_ARCHITECTURE/CANONICAL_RESOURCE_MODEL.yaml,NOT_STARTED
VF-CON-011,Design Tool Connection,FE-006,connection/policy,03_BACKEND/STATE_MACHINES.yaml where applicable,03_BACKEND/EVENT_CATALOG.yaml,02_ARCHITECTURE/CANONICAL_RESOURCE_MODEL.yaml,NOT_STARTED
VF-CON-012,RepositoryConnection,FE-006,connection/policy,03_BACKEND/STATE_MACHINES.yaml where applicable,03_BACKEND/EVENT_CATALOG.yaml,02_ARCHITECTURE/CANONICAL_RESOURCE_MODEL.yaml,NOT_STARTED
VF-CON-013,Connection CredentialRef,FE-006,connection/policy,03_BACKEND/STATE_MACHINES.yaml where applicable,03_BACKEND/EVENT_CATALOG.yaml,02_ARCHITECTURE/CANONICAL_RESOURCE_MODEL.yaml,NOT_STARTED
VF-CON-014,Provider Install Descriptor,FE-006,connection/policy,03_BACKEND/STATE_MACHINES.yaml where applicable,03_BACKEND/EVENT_CATALOG.yaml,02_ARCHITECTURE/CANONICAL_RESOURCE_MODEL.yaml,NOT_STARTED
VF-CON-015,OAuth-backed Connection,FE-006,connection/policy,03_BACKEND/STATE_MACHINES.yaml where applicable,03_BACKEND/EVENT_CATALOG.yaml,02_ARCHITECTURE/CANONICAL_RESOURCE_MODEL.yaml,NOT_STARTED
VF-CON-016,CapabilityDiscovery,FE-006,connection/policy,03_BACKEND/STATE_MACHINES.yaml where applicable,03_BACKEND/EVENT_CATALOG.yaml,02_ARCHITECTURE/CANONICAL_RESOURCE_MODEL.yaml,NOT_STARTED
VF-CON-017,ConnectionGrant,FE-006,connection/policy,03_BACKEND/STATE_MACHINES.yaml where applicable,03_BACKEND/EVENT_CATALOG.yaml,02_ARCHITECTURE/CANONICAL_RESOURCE_MODEL.yaml,NOT_STARTED
VF-CON-018,Connection,FE-006,connection/policy,03_BACKEND/STATE_MACHINES.yaml where applicable,03_BACKEND/EVENT_CATALOG.yaml,02_ARCHITECTURE/CANONICAL_RESOURCE_MODEL.yaml,NOT_STARTED
VF-CON-019,ConnectionGrant injection,FE-006,connection/policy,03_BACKEND/STATE_MACHINES.yaml where applicable,03_BACKEND/EVENT_CATALOG.yaml,02_ARCHITECTURE/CANONICAL_RESOURCE_MODEL.yaml,NOT_STARTED
VF-CON-020,Adapters/MCP servers,FE-006,connection/policy,03_BACKEND/STATE_MACHINES.yaml where applicable,03_BACKEND/EVENT_CATALOG.yaml,02_ARCHITECTURE/CANONICAL_RESOURCE_MODEL.yaml,NOT_STARTED
VF-DAT-001,"DatabaseGrant(dev, write)",FE-007,project/provider-registry,03_BACKEND/STATE_MACHINES.yaml where applicable,03_BACKEND/EVENT_CATALOG.yaml,02_ARCHITECTURE/CANONICAL_RESOURCE_MODEL.yaml,NOT_STARTED
VF-DAT-002,"DiagnosticGrant(prod, read)",FE-007,project/provider-registry,03_BACKEND/STATE_MACHINES.yaml where applicable,03_BACKEND/EVENT_CATALOG.yaml,02_ARCHITECTURE/CANONICAL_RESOURCE_MODEL.yaml,NOT_STARTED
VF-DAT-003,ObjectStorageBinding,FE-007,project/provider-registry,03_BACKEND/STATE_MACHINES.yaml where applicable,03_BACKEND/EVENT_CATALOG.yaml,02_ARCHITECTURE/CANONICAL_RESOURCE_MODEL.yaml,NOT_STARTED
VF-DAT-004,StorageGrant,FE-007,project/provider-registry,03_BACKEND/STATE_MACHINES.yaml where applicable,03_BACKEND/EVENT_CATALOG.yaml,02_ARCHITECTURE/CANONICAL_RESOURCE_MODEL.yaml,NOT_STARTED
VF-DAT-005,Database Capability Metadata,FE-007,project/provider-registry,03_BACKEND/STATE_MACHINES.yaml where applicable,03_BACKEND/EVENT_CATALOG.yaml,02_ARCHITECTURE/CANONICAL_RESOURCE_MODEL.yaml,NOT_STARTED
VF-DAT-006,Data Explorer,FE-007,project/provider-registry,03_BACKEND/STATE_MACHINES.yaml where applicable,03_BACKEND/EVENT_CATALOG.yaml,02_ARCHITECTURE/CANONICAL_RESOURCE_MODEL.yaml,NOT_STARTED
VF-DAT-007,ApplicationDataBinding(dev),FE-007,project/provider-registry,03_BACKEND/STATE_MACHINES.yaml where applicable,03_BACKEND/EVENT_CATALOG.yaml,02_ARCHITECTURE/CANONICAL_RESOURCE_MODEL.yaml,NOT_STARTED
VF-DAT-008,Environment-scoped DataBinding,FE-007,project/provider-registry,03_BACKEND/STATE_MACHINES.yaml where applicable,03_BACKEND/EVENT_CATALOG.yaml,02_ARCHITECTURE/CANONICAL_RESOURCE_MODEL.yaml,NOT_STARTED
VF-DAT-009,Provider UsageRecord,FE-007,project/provider-registry,03_BACKEND/STATE_MACHINES.yaml where applicable,03_BACKEND/EVENT_CATALOG.yaml,02_ARCHITECTURE/CANONICAL_RESOURCE_MODEL.yaml,NOT_STARTED
VF-DAT-010,ProductionRecoveryPlan,FE-007,project/provider-registry,03_BACKEND/STATE_MACHINES.yaml where applicable,03_BACKEND/EVENT_CATALOG.yaml,02_ARCHITECTURE/CANONICAL_RESOURCE_MODEL.yaml,NOT_STARTED
VF-DAT-011,ApplicationDataBinding(prod),FE-007,project/provider-registry,03_BACKEND/STATE_MACHINES.yaml where applicable,03_BACKEND/EVENT_CATALOG.yaml,02_ARCHITECTURE/CANONICAL_RESOURCE_MODEL.yaml,NOT_STARTED
VF-DAT-012,EphemeralRuntimeFS,FE-007,project/provider-registry,03_BACKEND/STATE_MACHINES.yaml where applicable,03_BACKEND/EVENT_CATALOG.yaml,02_ARCHITECTURE/CANONICAL_RESOURCE_MODEL.yaml,NOT_STARTED
VF-DAT-013,Scoped StorageGrant,FE-007,project/provider-registry,03_BACKEND/STATE_MACHINES.yaml where applicable,03_BACKEND/EVENT_CATALOG.yaml,02_ARCHITECTURE/CANONICAL_RESOURCE_MODEL.yaml,NOT_STARTED
VF-DAT-014,ControlPlaneDB,FE-007,project/provider-registry,03_BACKEND/STATE_MACHINES.yaml where applicable,03_BACKEND/EVENT_CATALOG.yaml,02_ARCHITECTURE/CANONICAL_RESOURCE_MODEL.yaml,NOT_STARTED
VF-DEP-001,DeploymentProvider autoscale,FE-009,release/provider-registry,03_BACKEND/STATE_MACHINES.yaml where applicable,03_BACKEND/EVENT_CATALOG.yaml,02_ARCHITECTURE/CANONICAL_RESOURCE_MODEL.yaml,NOT_STARTED
VF-DEP-002,BuildExecution,FE-009,release/provider-registry,03_BACKEND/STATE_MACHINES.yaml where applicable,03_BACKEND/EVENT_CATALOG.yaml,02_ARCHITECTURE/CANONICAL_RESOURCE_MODEL.yaml,NOT_STARTED
VF-DEP-003,DomainBinding,FE-009,release/provider-registry,03_BACKEND/STATE_MACHINES.yaml where applicable,03_BACKEND/EVENT_CATALOG.yaml,02_ARCHITECTURE/CANONICAL_RESOURCE_MODEL.yaml,NOT_STARTED
VF-DEP-004,DeploymentRegion Policy,FE-009,release/provider-registry,03_BACKEND/STATE_MACHINES.yaml where applicable,03_BACKEND/EVENT_CATALOG.yaml,02_ARCHITECTURE/CANONICAL_RESOURCE_MODEL.yaml,NOT_STARTED
VF-DEP-005,DeploymentStatus,FE-009,release/provider-registry,03_BACKEND/STATE_MACHINES.yaml where applicable,03_BACKEND/EVENT_CATALOG.yaml,02_ARCHITECTURE/CANONICAL_RESOURCE_MODEL.yaml,NOT_STARTED
VF-DEP-006,DeploymentProfile,FE-009,release/provider-registry,03_BACKEND/STATE_MACHINES.yaml where applicable,03_BACKEND/EVENT_CATALOG.yaml,02_ARCHITECTURE/CANONICAL_RESOURCE_MODEL.yaml,NOT_STARTED
VF-DEP-007,DeploymentBinding,FE-009,release/provider-registry,03_BACKEND/STATE_MACHINES.yaml where applicable,03_BACKEND/EVENT_CATALOG.yaml,02_ARCHITECTURE/CANONICAL_RESOURCE_MODEL.yaml,NOT_STARTED
VF-DEP-008,Release -> DeploymentBinding,FE-009,release/provider-registry,03_BACKEND/STATE_MACHINES.yaml where applicable,03_BACKEND/EVENT_CATALOG.yaml,02_ARCHITECTURE/CANONICAL_RESOURCE_MODEL.yaml,NOT_STARTED
VF-DEP-009,User Feedback Ingest,FE-009,release/provider-registry,03_BACKEND/STATE_MACHINES.yaml where applicable,03_BACKEND/EVENT_CATALOG.yaml,02_ARCHITECTURE/CANONICAL_RESOURCE_MODEL.yaml,NOT_STARTED
VF-DEP-010,DeploymentAccessPolicy,FE-009,release/provider-registry,03_BACKEND/STATE_MACHINES.yaml where applicable,03_BACKEND/EVENT_CATALOG.yaml,02_ARCHITECTURE/CANONICAL_RESOURCE_MODEL.yaml,NOT_STARTED
VF-DEP-011,Runtime Persistence Capability,FE-009,release/provider-registry,03_BACKEND/STATE_MACHINES.yaml where applicable,03_BACKEND/EVENT_CATALOG.yaml,02_ARCHITECTURE/CANONICAL_RESOURCE_MODEL.yaml,NOT_STARTED
VF-DEP-012,DeploymentRequest,FE-009,release/provider-registry,03_BACKEND/STATE_MACHINES.yaml where applicable,03_BACKEND/EVENT_CATALOG.yaml,02_ARCHITECTURE/CANONICAL_RESOURCE_MODEL.yaml,NOT_STARTED
VF-DEP-013,Deployment Capability Validation,FE-009,release/provider-registry,03_BACKEND/STATE_MACHINES.yaml where applicable,03_BACKEND/EVENT_CATALOG.yaml,02_ARCHITECTURE/CANONICAL_RESOURCE_MODEL.yaml,NOT_STARTED
VF-DEP-014,Promotion,FE-009,release/provider-registry,03_BACKEND/STATE_MACHINES.yaml where applicable,03_BACKEND/EVENT_CATALOG.yaml,02_ARCHITECTURE/CANONICAL_RESOURCE_MODEL.yaml,NOT_STARTED
VF-DEP-015,DeploymentProvider VM,FE-009,release/provider-registry,03_BACKEND/STATE_MACHINES.yaml where applicable,03_BACKEND/EVENT_CATALOG.yaml,02_ARCHITECTURE/CANONICAL_RESOURCE_MODEL.yaml,NOT_STARTED
VF-DEP-016,ScheduledDeployment,FE-009,release/provider-registry,03_BACKEND/STATE_MACHINES.yaml where applicable,03_BACKEND/EVENT_CATALOG.yaml,02_ARCHITECTURE/CANONICAL_RESOURCE_MODEL.yaml,NOT_STARTED
VF-DEP-017,PolicyGate,FE-009,release/provider-registry,03_BACKEND/STATE_MACHINES.yaml where applicable,03_BACKEND/EVENT_CATALOG.yaml,02_ARCHITECTURE/CANONICAL_RESOURCE_MODEL.yaml,NOT_STARTED
VF-DEP-018,ArtifactVersion/BuildInput,FE-009,release/provider-registry,03_BACKEND/STATE_MACHINES.yaml where applicable,03_BACKEND/EVENT_CATALOG.yaml,02_ARCHITECTURE/CANONICAL_RESOURCE_MODEL.yaml,NOT_STARTED
VF-DEP-019,DeploymentProvider static,FE-009,release/provider-registry,03_BACKEND/STATE_MACHINES.yaml where applicable,03_BACKEND/EVENT_CATALOG.yaml,02_ARCHITECTURE/CANONICAL_RESOURCE_MODEL.yaml,NOT_STARTED
VF-DEP-020,Static Hosting Config,FE-009,release/provider-registry,03_BACKEND/STATE_MACHINES.yaml where applicable,03_BACKEND/EVENT_CATALOG.yaml,02_ARCHITECTURE/CANONICAL_RESOURCE_MODEL.yaml,NOT_STARTED
VF-VER-001,Finding -> Task lineage,FE-008,verification/policy,03_BACKEND/STATE_MACHINES.yaml where applicable,03_BACKEND/EVENT_CATALOG.yaml,02_ARCHITECTURE/CANONICAL_RESOURCE_MODEL.yaml,NOT_STARTED
VF-VER-002,Approval,FE-008,verification/policy,03_BACKEND/STATE_MACHINES.yaml where applicable,03_BACKEND/EVENT_CATALOG.yaml,02_ARCHITECTURE/CANONICAL_RESOURCE_MODEL.yaml,NOT_STARTED
VF-VER-003,VerificationRun,FE-008,verification/policy,03_BACKEND/STATE_MACHINES.yaml where applicable,03_BACKEND/EVENT_CATALOG.yaml,02_ARCHITECTURE/CANONICAL_RESOURCE_MODEL.yaml,NOT_STARTED
VF-VER-004,Telemetry Redaction Policy,FE-008,verification/policy,03_BACKEND/STATE_MACHINES.yaml where applicable,03_BACKEND/EVENT_CATALOG.yaml,02_ARCHITECTURE/CANONICAL_RESOURCE_MODEL.yaml,NOT_STARTED
VF-VER-005,VulnerabilityRemediationWorkflow,FE-008,verification/policy,03_BACKEND/STATE_MACHINES.yaml where applicable,03_BACKEND/EVENT_CATALOG.yaml,02_ARCHITECTURE/CANONICAL_RESOURCE_MODEL.yaml,NOT_STARTED
VF-VER-006,Security-triggered Recovery Task,FE-008,verification/policy,03_BACKEND/STATE_MACHINES.yaml where applicable,03_BACKEND/EVENT_CATALOG.yaml,02_ARCHITECTURE/CANONICAL_RESOURCE_MODEL.yaml,NOT_STARTED
VF-VER-007,Org Vulnerability Inventory,FE-008,verification/policy,03_BACKEND/STATE_MACHINES.yaml where applicable,03_BACKEND/EVENT_CATALOG.yaml,02_ARCHITECTURE/CANONICAL_RESOURCE_MODEL.yaml,NOT_STARTED
VF-VER-008,Evidence,FE-008,verification/policy,03_BACKEND/STATE_MACHINES.yaml where applicable,03_BACKEND/EVENT_CATALOG.yaml,02_ARCHITECTURE/CANONICAL_RESOURCE_MODEL.yaml,NOT_STARTED
VF-VER-009,PrivacyFinding,FE-008,verification/policy,03_BACKEND/STATE_MACHINES.yaml where applicable,03_BACKEND/EVENT_CATALOG.yaml,02_ARCHITECTURE/CANONICAL_RESOURCE_MODEL.yaml,NOT_STARTED
VF-VER-010,Package Provenance Gate,FE-008,verification/policy,03_BACKEND/STATE_MACHINES.yaml where applicable,03_BACKEND/EVENT_CATALOG.yaml,02_ARCHITECTURE/CANONICAL_RESOURCE_MODEL.yaml,NOT_STARTED
VF-VER-011,SecurityFindings,FE-008,verification/policy,03_BACKEND/STATE_MACHINES.yaml where applicable,03_BACKEND/EVENT_CATALOG.yaml,02_ARCHITECTURE/CANONICAL_RESOURCE_MODEL.yaml,NOT_STARTED
VF-VER-012,DeviceRiskEvidence,FE-008,verification/policy,03_BACKEND/STATE_MACHINES.yaml where applicable,03_BACKEND/EVENT_CATALOG.yaml,02_ARCHITECTURE/CANONICAL_RESOURCE_MODEL.yaml,NOT_STARTED
VF-VER-013,SBOMEvidence,FE-008,verification/policy,03_BACKEND/STATE_MACHINES.yaml where applicable,03_BACKEND/EVENT_CATALOG.yaml,02_ARCHITECTURE/CANONICAL_RESOURCE_MODEL.yaml,NOT_STARTED
VF-VER-014,Secret Verification Check,FE-008,verification/policy,03_BACKEND/STATE_MACHINES.yaml where applicable,03_BACKEND/EVENT_CATALOG.yaml,02_ARCHITECTURE/CANONICAL_RESOURCE_MODEL.yaml,NOT_STARTED
VF-VER-015,SecurityReviewTask,FE-008,verification/policy,03_BACKEND/STATE_MACHINES.yaml where applicable,03_BACKEND/EVENT_CATALOG.yaml,02_ARCHITECTURE/CANONICAL_RESOURCE_MODEL.yaml,NOT_STARTED
VF-VER-016,SAST evidence,FE-008,verification/policy,03_BACKEND/STATE_MACHINES.yaml where applicable,03_BACKEND/EVENT_CATALOG.yaml,02_ARCHITECTURE/CANONICAL_RESOURCE_MODEL.yaml,NOT_STARTED
VF-VER-017,Emergency Deployment Quarantine,FE-008,verification/policy,03_BACKEND/STATE_MACHINES.yaml where applicable,03_BACKEND/EVENT_CATALOG.yaml,02_ARCHITECTURE/CANONICAL_RESOURCE_MODEL.yaml,NOT_STARTED
VF-VER-018,VisualEvidence,FE-008,verification/policy,03_BACKEND/STATE_MACHINES.yaml where applicable,03_BACKEND/EVENT_CATALOG.yaml,02_ARCHITECTURE/CANONICAL_RESOURCE_MODEL.yaml,NOT_STARTED
VF-VER-019,SecurityPortfolio,FE-008,verification/policy,03_BACKEND/STATE_MACHINES.yaml where applicable,03_BACKEND/EVENT_CATALOG.yaml,02_ARCHITECTURE/CANONICAL_RESOURCE_MODEL.yaml,NOT_STARTED
VF-OBS-001,ProductEvent/FeatureFlag,FE-008/FE-009,observability,03_BACKEND/STATE_MACHINES.yaml where applicable,03_BACKEND/EVENT_CATALOG.yaml,02_ARCHITECTURE/CANONICAL_RESOURCE_MODEL.yaml,NOT_STARTED
VF-OBS-002,ServiceMetrics,FE-008/FE-009,observability,03_BACKEND/STATE_MACHINES.yaml where applicable,03_BACKEND/EVENT_CATALOG.yaml,02_ARCHITECTURE/CANONICAL_RESOURCE_MODEL.yaml,NOT_STARTED
VF-OBS-003,HealthCheck,FE-008/FE-009,observability,03_BACKEND/STATE_MACHINES.yaml where applicable,03_BACKEND/EVENT_CATALOG.yaml,02_ARCHITECTURE/CANONICAL_RESOURCE_MODEL.yaml,NOT_STARTED
VF-OBS-004,Attribution Adapter,FE-008/FE-009,observability,03_BACKEND/STATE_MACHINES.yaml where applicable,03_BACKEND/EVENT_CATALOG.yaml,02_ARCHITECTURE/CANONICAL_RESOURCE_MODEL.yaml,NOT_STARTED
VF-OBS-005,Bridge/WebView telemetry,FE-008/FE-009,observability,03_BACKEND/STATE_MACHINES.yaml where applicable,03_BACKEND/EVENT_CATALOG.yaml,02_ARCHITECTURE/CANONICAL_RESOURCE_MODEL.yaml,NOT_STARTED
VF-OBS-006,TraceCorrelation,FE-008/FE-009,observability,03_BACKEND/STATE_MACHINES.yaml where applicable,03_BACKEND/EVENT_CATALOG.yaml,02_ARCHITECTURE/CANONICAL_RESOURCE_MODEL.yaml,NOT_STARTED
VF-OBS-007,Client OTel/RUM Exporter,FE-008/FE-009,observability,03_BACKEND/STATE_MACHINES.yaml where applicable,03_BACKEND/EVENT_CATALOG.yaml,02_ARCHITECTURE/CANONICAL_RESOURCE_MODEL.yaml,NOT_STARTED
VF-OBS-008,IncidentTask,FE-008/FE-009,observability,03_BACKEND/STATE_MACHINES.yaml where applicable,03_BACKEND/EVENT_CATALOG.yaml,02_ARCHITECTURE/CANONICAL_RESOURCE_MODEL.yaml,NOT_STARTED
VF-OBS-009,ClientErrorEvent,FE-008/FE-009,observability,03_BACKEND/STATE_MACHINES.yaml where applicable,03_BACKEND/EVENT_CATALOG.yaml,02_ARCHITECTURE/CANONICAL_RESOURCE_MODEL.yaml,NOT_STARTED
VF-OBS-010,ClientPerformanceEvent,FE-008/FE-009,observability,03_BACKEND/STATE_MACHINES.yaml where applicable,03_BACKEND/EVENT_CATALOG.yaml,02_ARCHITECTURE/CANONICAL_RESOURCE_MODEL.yaml,NOT_STARTED
VF-OBS-011,Incident -> Task -> Verification Loop,FE-008/FE-009,observability,03_BACKEND/STATE_MACHINES.yaml where applicable,03_BACKEND/EVENT_CATALOG.yaml,02_ARCHITECTURE/CANONICAL_RESOURCE_MODEL.yaml,NOT_STARTED
VF-OBS-012,LogSourceBinding,FE-008/FE-009,observability,03_BACKEND/STATE_MACHINES.yaml where applicable,03_BACKEND/EVENT_CATALOG.yaml,02_ARCHITECTURE/CANONICAL_RESOURCE_MODEL.yaml,NOT_STARTED
VF-OBS-013,Error/Trace Exporter,FE-008/FE-009,observability,03_BACKEND/STATE_MACHINES.yaml where applicable,03_BACKEND/EVENT_CATALOG.yaml,02_ARCHITECTURE/CANONICAL_RESOURCE_MODEL.yaml,NOT_STARTED
VF-OBS-014,Feature Flag Provider,FE-008/FE-009,observability,03_BACKEND/STATE_MACHINES.yaml where applicable,03_BACKEND/EVENT_CATALOG.yaml,02_ARCHITECTURE/CANONICAL_RESOURCE_MODEL.yaml,NOT_STARTED
VF-DSN-001,ArtifactType: media,FE-013,project/execution,03_BACKEND/STATE_MACHINES.yaml where applicable,03_BACKEND/EVENT_CATALOG.yaml,02_ARCHITECTURE/CANONICAL_RESOURCE_MODEL.yaml,NOT_STARTED
VF-DSN-002,Design-to-Code Task,FE-013,project/execution,03_BACKEND/STATE_MACHINES.yaml where applicable,03_BACKEND/EVENT_CATALOG.yaml,02_ARCHITECTURE/CANONICAL_RESOURCE_MODEL.yaml,NOT_STARTED
VF-DSN-003,Artifact Board (later),FE-013,project/execution,03_BACKEND/STATE_MACHINES.yaml where applicable,03_BACKEND/EVENT_CATALOG.yaml,02_ARCHITECTURE/CANONICAL_RESOURCE_MODEL.yaml,NOT_STARTED
VF-DSN-004,Design Annotation Artifact,FE-013,project/execution,03_BACKEND/STATE_MACHINES.yaml where applicable,03_BACKEND/EVENT_CATALOG.yaml,02_ARCHITECTURE/CANONICAL_RESOURCE_MODEL.yaml,NOT_STARTED
VF-DSN-005,Artifact Frame,FE-013,project/execution,03_BACKEND/STATE_MACHINES.yaml where applicable,03_BACKEND/EVENT_CATALOG.yaml,02_ARCHITECTURE/CANONICAL_RESOURCE_MODEL.yaml,NOT_STARTED
VF-DSN-006,ArtifactType: design,FE-013,project/execution,03_BACKEND/STATE_MACHINES.yaml where applicable,03_BACKEND/EVENT_CATALOG.yaml,02_ARCHITECTURE/CANONICAL_RESOURCE_MODEL.yaml,NOT_STARTED
VF-DSN-007,DesignArtifact,FE-013,project/execution,03_BACKEND/STATE_MACHINES.yaml where applicable,03_BACKEND/EVENT_CATALOG.yaml,02_ARCHITECTURE/CANONICAL_RESOURCE_MODEL.yaml,NOT_STARTED
VF-DSN-008,Deterministic Source Transformation,FE-013,project/execution,03_BACKEND/STATE_MACHINES.yaml where applicable,03_BACKEND/EVENT_CATALOG.yaml,02_ARCHITECTURE/CANONICAL_RESOURCE_MODEL.yaml,NOT_STARTED
VF-DSN-009,Design Provider Binding,FE-013,project/execution,03_BACKEND/STATE_MACHINES.yaml where applicable,03_BACKEND/EVENT_CATALOG.yaml,02_ARCHITECTURE/CANONICAL_RESOURCE_MODEL.yaml,NOT_STARTED
VF-DSN-010,Artifact Variant Set,FE-013,project/execution,03_BACKEND/STATE_MACHINES.yaml where applicable,03_BACKEND/EVENT_CATALOG.yaml,02_ARCHITECTURE/CANONICAL_RESOURCE_MODEL.yaml,NOT_STARTED
VF-DSN-011,Artifact Canvas,FE-013,project/execution,03_BACKEND/STATE_MACHINES.yaml where applicable,03_BACKEND/EVENT_CATALOG.yaml,02_ARCHITECTURE/CANONICAL_RESOURCE_MODEL.yaml,NOT_STARTED
VF-DSN-012,Preview Artifact Frame,FE-013,project/execution,03_BACKEND/STATE_MACHINES.yaml where applicable,03_BACKEND/EVENT_CATALOG.yaml,02_ARCHITECTURE/CANONICAL_RESOURCE_MODEL.yaml,NOT_STARTED
VF-DSN-013,Artifact Relationship Graph,FE-013,project/execution,03_BACKEND/STATE_MACHINES.yaml where applicable,03_BACKEND/EVENT_CATALOG.yaml,02_ARCHITECTURE/CANONICAL_RESOURCE_MODEL.yaml,NOT_STARTED
VF-DSN-014,Viewport Variant,FE-013,project/execution,03_BACKEND/STATE_MACHINES.yaml where applicable,03_BACKEND/EVENT_CATALOG.yaml,02_ARCHITECTURE/CANONICAL_RESOURCE_MODEL.yaml,NOT_STARTED
VF-DSN-015,Artifact Export,FE-013,project/execution,03_BACKEND/STATE_MACHINES.yaml where applicable,03_BACKEND/EVENT_CATALOG.yaml,02_ARCHITECTURE/CANONICAL_RESOURCE_MODEL.yaml,NOT_STARTED
VF-DSN-016,ArtifactType: slides,FE-013,project/execution,03_BACKEND/STATE_MACHINES.yaml where applicable,03_BACKEND/EVENT_CATALOG.yaml,02_ARCHITECTURE/CANONICAL_RESOURCE_MODEL.yaml,NOT_STARTED
VF-DSN-017,Deterministic UI edit adapter,FE-013,project/execution,03_BACKEND/STATE_MACHINES.yaml where applicable,03_BACKEND/EVENT_CATALOG.yaml,02_ARCHITECTURE/CANONICAL_RESOURCE_MODEL.yaml,NOT_STARTED
VF-DSN-018,VisualEdit -> Task Handoff,FE-013,project/execution,03_BACKEND/STATE_MACHINES.yaml where applicable,03_BACKEND/EVENT_CATALOG.yaml,02_ARCHITECTURE/CANONICAL_RESOURCE_MODEL.yaml,NOT_STARTED
VF-DSN-019,Render-to-Source Mapping,FE-013,project/execution,03_BACKEND/STATE_MACHINES.yaml where applicable,03_BACKEND/EVENT_CATALOG.yaml,02_ARCHITECTURE/CANONICAL_RESOURCE_MODEL.yaml,NOT_STARTED
VF-NAT-001,MobileStoreDeployment,FE-013,project/release,03_BACKEND/STATE_MACHINES.yaml where applicable,03_BACKEND/EVENT_CATALOG.yaml,02_ARCHITECTURE/CANONICAL_RESOURCE_MODEL.yaml,NOT_STARTED
VF-NAT-002,Mobile Capability Recipe,FE-013,project/release,03_BACKEND/STATE_MACHINES.yaml where applicable,03_BACKEND/EVENT_CATALOG.yaml,02_ARCHITECTURE/CANONICAL_RESOURCE_MODEL.yaml,NOT_STARTED
VF-NAT-003,MobilePreview,FE-013,project/release,03_BACKEND/STATE_MACHINES.yaml where applicable,03_BACKEND/EVENT_CATALOG.yaml,02_ARCHITECTURE/CANONICAL_RESOURCE_MODEL.yaml,NOT_STARTED
VF-NAT-004,Android Release Adapter,FE-013,project/release,03_BACKEND/STATE_MACHINES.yaml where applicable,03_BACKEND/EVENT_CATALOG.yaml,02_ARCHITECTURE/CANONICAL_RESOURCE_MODEL.yaml,NOT_STARTED
VF-NAT-005,MobileStoreDeployment(Android),FE-013,project/release,03_BACKEND/STATE_MACHINES.yaml where applicable,03_BACKEND/EVENT_CATALOG.yaml,02_ARCHITECTURE/CANONICAL_RESOURCE_MODEL.yaml,NOT_STARTED
VF-NAT-006,Mobile UX Capability Recipe,FE-013,project/release,03_BACKEND/STATE_MACHINES.yaml where applicable,03_BACKEND/EVENT_CATALOG.yaml,02_ARCHITECTURE/CANONICAL_RESOURCE_MODEL.yaml,NOT_STARTED
VF-NAT-007,DeviceEmulatorCapability,FE-013,project/release,03_BACKEND/STATE_MACHINES.yaml where applicable,03_BACKEND/EVENT_CATALOG.yaml,02_ARCHITECTURE/CANONICAL_RESOURCE_MODEL.yaml,NOT_STARTED
VF-NAT-008,MobileApp Artifact,FE-013,project/release,03_BACKEND/STATE_MACHINES.yaml where applicable,03_BACKEND/EVENT_CATALOG.yaml,02_ARCHITECTURE/CANONICAL_RESOURCE_MODEL.yaml,NOT_STARTED
VF-NAT-009,App Notification Capability,FE-013,project/release,03_BACKEND/STATE_MACHINES.yaml where applicable,03_BACKEND/EVENT_CATALOG.yaml,02_ARCHITECTURE/CANONICAL_RESOURCE_MODEL.yaml,NOT_STARTED
VF-NAT-010,MobileArtifact,FE-013,project/release,03_BACKEND/STATE_MACHINES.yaml where applicable,03_BACKEND/EVENT_CATALOG.yaml,02_ARCHITECTURE/CANONICAL_RESOURCE_MODEL.yaml,NOT_STARTED
VF-NAT-011,App Monetization Adapter,FE-013,project/release,03_BACKEND/STATE_MACHINES.yaml where applicable,03_BACKEND/EVENT_CATALOG.yaml,02_ARCHITECTURE/CANONICAL_RESOURCE_MODEL.yaml,NOT_STARTED
VF-NAT-012,Store Listing Artifact,FE-013,project/release,03_BACKEND/STATE_MACHINES.yaml where applicable,03_BACKEND/EVENT_CATALOG.yaml,02_ARCHITECTURE/CANONICAL_RESOURCE_MODEL.yaml,NOT_STARTED
VF-NAT-013,iOS Release Adapter,FE-013,project/release,03_BACKEND/STATE_MACHINES.yaml where applicable,03_BACKEND/EVENT_CATALOG.yaml,02_ARCHITECTURE/CANONICAL_RESOURCE_MODEL.yaml,NOT_STARTED
VF-AUT-001,Durable Automation Execution,FE-010,execution/notification,03_BACKEND/STATE_MACHINES.yaml where applicable,03_BACKEND/EVENT_CATALOG.yaml,02_ARCHITECTURE/CANONICAL_RESOURCE_MODEL.yaml,NOT_STARTED
VF-AUT-002,UserAutomation,FE-010,execution/notification,03_BACKEND/STATE_MACHINES.yaml where applicable,03_BACKEND/EVENT_CATALOG.yaml,02_ARCHITECTURE/CANONICAL_RESOURCE_MODEL.yaml,NOT_STARTED
VF-AUT-003,Schedule Trigger -> Deployment,FE-010,execution/notification,03_BACKEND/STATE_MACHINES.yaml where applicable,03_BACKEND/EVENT_CATALOG.yaml,02_ARCHITECTURE/CANONICAL_RESOURCE_MODEL.yaml,NOT_STARTED
VF-AUT-004,Event Trigger Adapter,FE-010,execution/notification,03_BACKEND/STATE_MACHINES.yaml where applicable,03_BACKEND/EVENT_CATALOG.yaml,02_ARCHITECTURE/CANONICAL_RESOURCE_MODEL.yaml,NOT_STARTED
VF-AUT-005,TriggerBinding,FE-010,execution/notification,03_BACKEND/STATE_MACHINES.yaml where applicable,03_BACKEND/EVENT_CATALOG.yaml,02_ARCHITECTURE/CANONICAL_RESOURCE_MODEL.yaml,NOT_STARTED
VF-COL-001,Ownership Transfer Workflow,FE-012,identity/project,03_BACKEND/STATE_MACHINES.yaml where applicable,03_BACKEND/EVENT_CATALOG.yaml,02_ARCHITECTURE/CANONICAL_RESOURCE_MODEL.yaml,NOT_STARTED
VF-COL-002,Org Template/Design Policy,FE-012,identity/project,03_BACKEND/STATE_MACHINES.yaml where applicable,03_BACKEND/EVENT_CATALOG.yaml,02_ARCHITECTURE/CANONICAL_RESOURCE_MODEL.yaml,NOT_STARTED
VF-COL-003,Org Usage Dashboard,FE-012,identity/project,03_BACKEND/STATE_MACHINES.yaml where applicable,03_BACKEND/EVENT_CATALOG.yaml,02_ARCHITECTURE/CANONICAL_RESOURCE_MODEL.yaml,NOT_STARTED
VF-COL-004,Org Connection Policy,FE-012,identity/project,03_BACKEND/STATE_MACHINES.yaml where applicable,03_BACKEND/EVENT_CATALOG.yaml,02_ARCHITECTURE/CANONICAL_RESOURCE_MODEL.yaml,NOT_STARTED
VF-COL-005,Org Privacy Policy,FE-012,identity/project,03_BACKEND/STATE_MACHINES.yaml where applicable,03_BACKEND/EVENT_CATALOG.yaml,02_ARCHITECTURE/CANONICAL_RESOURCE_MODEL.yaml,NOT_STARTED
VF-COL-006,UsagePolicy,FE-012,identity/project,03_BACKEND/STATE_MACHINES.yaml where applicable,03_BACKEND/EVENT_CATALOG.yaml,02_ARCHITECTURE/CANONICAL_RESOURCE_MODEL.yaml,NOT_STARTED
VF-COL-007,PresenceSession,FE-012,identity/project,03_BACKEND/STATE_MACHINES.yaml where applicable,03_BACKEND/EVENT_CATALOG.yaml,02_ARCHITECTURE/CANONICAL_RESOURCE_MODEL.yaml,NOT_STARTED
VF-COL-008,ProjectMembership,FE-012,identity/project,03_BACKEND/STATE_MACHINES.yaml where applicable,03_BACKEND/EVENT_CATALOG.yaml,02_ARCHITECTURE/CANONICAL_RESOURCE_MODEL.yaml,NOT_STARTED
VF-COL-009,ProjectGrant,FE-012,identity/project,03_BACKEND/STATE_MACHINES.yaml where applicable,03_BACKEND/EVENT_CATALOG.yaml,02_ARCHITECTURE/CANONICAL_RESOURCE_MODEL.yaml,NOT_STARTED
VF-COL-010,Collaboration Provider Capability,FE-012,identity/project,03_BACKEND/STATE_MACHINES.yaml where applicable,03_BACKEND/EVENT_CATALOG.yaml,02_ARCHITECTURE/CANONICAL_RESOURCE_MODEL.yaml,NOT_STARTED
VF-COL-011,EnterpriseDirectoryBinding,FE-012,identity/project,03_BACKEND/STATE_MACHINES.yaml where applicable,03_BACKEND/EVENT_CATALOG.yaml,02_ARCHITECTURE/CANONICAL_RESOURCE_MODEL.yaml,NOT_STARTED
VF-COL-012,AuditSink,FE-012,identity/project,03_BACKEND/STATE_MACHINES.yaml where applicable,03_BACKEND/EVENT_CATALOG.yaml,02_ARCHITECTURE/CANONICAL_RESOURCE_MODEL.yaml,NOT_STARTED
VF-COL-013,SupportBundle,FE-012,identity/project,03_BACKEND/STATE_MACHINES.yaml where applicable,03_BACKEND/EVENT_CATALOG.yaml,02_ARCHITECTURE/CANONICAL_RESOURCE_MODEL.yaml,NOT_STARTED
VF-COL-014,BillingAccount/CostCenter,FE-012,identity/project,03_BACKEND/STATE_MACHINES.yaml where applicable,03_BACKEND/EVENT_CATALOG.yaml,02_ARCHITECTURE/CANONICAL_RESOURCE_MODEL.yaml,NOT_STARTED
VF-BIL-001,AgentUsageRecord,FE-011,billing,03_BACKEND/STATE_MACHINES.yaml where applicable,03_BACKEND/EVENT_CATALOG.yaml,02_ARCHITECTURE/CANONICAL_RESOURCE_MODEL.yaml,NOT_STARTED
VF-BIL-002,Attribution,FE-011,billing,03_BACKEND/STATE_MACHINES.yaml where applicable,03_BACKEND/EVENT_CATALOG.yaml,02_ARCHITECTURE/CANONICAL_RESOURCE_MODEL.yaml,NOT_STARTED
VF-BIL-003,UsageBudget,FE-011,billing,03_BACKEND/STATE_MACHINES.yaml where applicable,03_BACKEND/EVENT_CATALOG.yaml,02_ARCHITECTURE/CANONICAL_RESOURCE_MODEL.yaml,NOT_STARTED
VF-BIL-004,Provider UsageRecord categories,FE-011,billing,03_BACKEND/STATE_MACHINES.yaml where applicable,03_BACKEND/EVENT_CATALOG.yaml,02_ARCHITECTURE/CANONICAL_RESOURCE_MODEL.yaml,NOT_STARTED
VF-BIL-005,Entitlement,FE-011,billing,03_BACKEND/STATE_MACHINES.yaml where applicable,03_BACKEND/EVENT_CATALOG.yaml,02_ARCHITECTURE/CANONICAL_RESOURCE_MODEL.yaml,NOT_STARTED
VF-BIL-006,FeatureFlag,FE-011,billing,03_BACKEND/STATE_MACHINES.yaml where applicable,03_BACKEND/EVENT_CATALOG.yaml,02_ARCHITECTURE/CANONICAL_RESOURCE_MODEL.yaml,NOT_STARTED
VF-BIL-007,StorePurchase,FE-011,billing,03_BACKEND/STATE_MACHINES.yaml where applicable,03_BACKEND/EVENT_CATALOG.yaml,02_ARCHITECTURE/CANONICAL_RESOURCE_MODEL.yaml,NOT_STARTED
VF-BIL-008,Store Purchase Reconciliation,FE-011,billing,03_BACKEND/STATE_MACHINES.yaml where applicable,03_BACKEND/EVENT_CATALOG.yaml,02_ARCHITECTURE/CANONICAL_RESOURCE_MODEL.yaml,NOT_STARTED
VF-BIL-009,Growth Campaigns,FE-011,billing,03_BACKEND/STATE_MACHINES.yaml where applicable,03_BACKEND/EVENT_CATALOG.yaml,02_ARCHITECTURE/CANONICAL_RESOURCE_MODEL.yaml,NOT_STARTED
VF-BIL-010,AgentProvider UsageRecord,FE-011,billing,03_BACKEND/STATE_MACHINES.yaml where applicable,03_BACKEND/EVENT_CATALOG.yaml,02_ARCHITECTURE/CANONICAL_RESOURCE_MODEL.yaml,NOT_STARTED
VF-BIL-011,Store Customer Link,FE-011,billing,03_BACKEND/STATE_MACHINES.yaml where applicable,03_BACKEND/EVENT_CATALOG.yaml,02_ARCHITECTURE/CANONICAL_RESOURCE_MODEL.yaml,NOT_STARTED
VF-BIL-012,VibeFlowPlan,FE-011,billing,03_BACKEND/STATE_MACHINES.yaml where applicable,03_BACKEND/EVENT_CATALOG.yaml,02_ARCHITECTURE/CANONICAL_RESOURCE_MODEL.yaml,NOT_STARTED
VF-BIL-013,Do not copy as default,FE-011,billing,03_BACKEND/STATE_MACHINES.yaml where applicable,03_BACKEND/EVENT_CATALOG.yaml,02_ARCHITECTURE/CANONICAL_RESOURCE_MODEL.yaml,NOT_STARTED
VF-BIL-014,BudgetPolicy,FE-011,billing,03_BACKEND/STATE_MACHINES.yaml where applicable,03_BACKEND/EVENT_CATALOG.yaml,02_ARCHITECTURE/CANONICAL_RESOURCE_MODEL.yaml,NOT_STARTED
VF-BIL-015,WebCheckout,FE-011,billing,03_BACKEND/STATE_MACHINES.yaml where applicable,03_BACKEND/EVENT_CATALOG.yaml,02_ARCHITECTURE/CANONICAL_RESOURCE_MODEL.yaml,NOT_STARTED
VF-BIL-016,App Commerce Binding,FE-011,billing,03_BACKEND/STATE_MACHINES.yaml where applicable,03_BACKEND/EVENT_CATALOG.yaml,02_ARCHITECTURE/CANONICAL_RESOURCE_MODEL.yaml,NOT_STARTED
VF-BIL-017,ProviderUsageRecord,FE-011,billing,03_BACKEND/STATE_MACHINES.yaml where applicable,03_BACKEND/EVENT_CATALOG.yaml,02_ARCHITECTURE/CANONICAL_RESOURCE_MODEL.yaml,NOT_STARTED
VF-ECO-001,Admin API,FE-002,gateway/provider-registry,03_BACKEND/STATE_MACHINES.yaml where applicable,03_BACKEND/EVENT_CATALOG.yaml,02_ARCHITECTURE/CANONICAL_RESOURCE_MODEL.yaml,NOT_STARTED
VF-ECO-002,CLI Agent/Workspace Adapter,FE-002,gateway/provider-registry,03_BACKEND/STATE_MACHINES.yaml where applicable,03_BACKEND/EVENT_CATALOG.yaml,02_ARCHITECTURE/CANONICAL_RESOURCE_MODEL.yaml,NOT_STARTED
VF-ECO-003,Signed Import/Install Descriptor,FE-002,gateway/provider-registry,03_BACKEND/STATE_MACHINES.yaml where applicable,03_BACKEND/EVENT_CATALOG.yaml,02_ARCHITECTURE/CANONICAL_RESOURCE_MODEL.yaml,NOT_STARTED
VF-ECO-004,External Assistant Connector,FE-002,gateway/provider-registry,03_BACKEND/STATE_MACHINES.yaml where applicable,03_BACKEND/EVENT_CATALOG.yaml,02_ARCHITECTURE/CANONICAL_RESOURCE_MODEL.yaml,NOT_STARTED
VF-ECO-005,Messaging Control Adapter,FE-002,gateway/provider-registry,03_BACKEND/STATE_MACHINES.yaml where applicable,03_BACKEND/EVENT_CATALOG.yaml,02_ARCHITECTURE/CANONICAL_RESOURCE_MODEL.yaml,NOT_STARTED
VF-ECO-006,VibeFlow MCP server — external client exposure,FE-002,gateway/provider-registry,03_BACKEND/STATE_MACHINES.yaml where applicable,03_BACKEND/EVENT_CATALOG.yaml,02_ARCHITECTURE/CANONICAL_RESOURCE_MODEL.yaml,NOT_STARTED
VF-SAA-001,Account Portal,FE-011/FE-012,billing/support,03_BACKEND/STATE_MACHINES.yaml where applicable,03_BACKEND/EVENT_CATALOG.yaml,02_ARCHITECTURE/CANONICAL_RESOURCE_MODEL.yaml,NOT_STARTED
VF-SAA-002,Admin Console,FE-011/FE-012,billing/support,03_BACKEND/STATE_MACHINES.yaml where applicable,03_BACKEND/EVENT_CATALOG.yaml,02_ARCHITECTURE/CANONICAL_RESOURCE_MODEL.yaml,NOT_STARTED
VF-SAA-003,AI Development Contract,FE-011/FE-012,billing/support,03_BACKEND/STATE_MACHINES.yaml where applicable,03_BACKEND/EVENT_CATALOG.yaml,02_ARCHITECTURE/CANONICAL_RESOURCE_MODEL.yaml,NOT_STARTED
VF-SAA-004,Email service,FE-011/FE-012,billing/support,03_BACKEND/STATE_MACHINES.yaml where applicable,03_BACKEND/EVENT_CATALOG.yaml,02_ARCHITECTURE/CANONICAL_RESOURCE_MODEL.yaml,NOT_STARTED
VF-SAA-005,Enterprise feature pack,FE-011/FE-012,billing/support,03_BACKEND/STATE_MACHINES.yaml where applicable,03_BACKEND/EVENT_CATALOG.yaml,02_ARCHITECTURE/CANONICAL_RESOURCE_MODEL.yaml,NOT_STARTED
VF-SAA-006,Feedback Center,FE-011/FE-012,billing/support,03_BACKEND/STATE_MACHINES.yaml where applicable,03_BACKEND/EVENT_CATALOG.yaml,02_ARCHITECTURE/CANONICAL_RESOURCE_MODEL.yaml,NOT_STARTED
VF-SAA-007,VibeFlow Web,FE-011/FE-012,billing/support,03_BACKEND/STATE_MACHINES.yaml where applicable,03_BACKEND/EVENT_CATALOG.yaml,02_ARCHITECTURE/CANONICAL_RESOURCE_MODEL.yaml,NOT_STARTED
VF-SAA-008,Billing Provider,FE-011/FE-012,billing/support,03_BACKEND/STATE_MACHINES.yaml where applicable,03_BACKEND/EVENT_CATALOG.yaml,02_ARCHITECTURE/CANONICAL_RESOURCE_MODEL.yaml,NOT_STARTED
VF-SAA-009,Support Evidence Attachment,FE-011/FE-012,billing/support,03_BACKEND/STATE_MACHINES.yaml where applicable,03_BACKEND/EVENT_CATALOG.yaml,02_ARCHITECTURE/CANONICAL_RESOURCE_MODEL.yaml,NOT_STARTED
VF-SAA-010,Diagnostic Bundle,FE-011/FE-012,billing/support,03_BACKEND/STATE_MACHINES.yaml where applicable,03_BACKEND/EVENT_CATALOG.yaml,02_ARCHITECTURE/CANONICAL_RESOURCE_MODEL.yaml,NOT_STARTED
VF-SAA-011,Support Case,FE-011/FE-012,billing/support,03_BACKEND/STATE_MACHINES.yaml where applicable,03_BACKEND/EVENT_CATALOG.yaml,02_ARCHITECTURE/CANONICAL_RESOURCE_MODEL.yaml,NOT_STARTED
VF-REL-001,CleanRoomPolicy,FE-009,release,03_BACKEND/STATE_MACHINES.yaml where applicable,03_BACKEND/EVENT_CATALOG.yaml,02_ARCHITECTURE/CANONICAL_RESOURCE_MODEL.yaml,NOT_STARTED
VF-REL-002,DependencyPolicy,FE-009,release,03_BACKEND/STATE_MACHINES.yaml where applicable,03_BACKEND/EVENT_CATALOG.yaml,02_ARCHITECTURE/CANONICAL_RESOURCE_MODEL.yaml,NOT_STARTED
VF-REL-003,ConformanceSuite,FE-009,release,03_BACKEND/STATE_MACHINES.yaml where applicable,03_BACKEND/EVENT_CATALOG.yaml,02_ARCHITECTURE/CANONICAL_RESOURCE_MODEL.yaml,NOT_STARTED
VF-REL-004,SBOM/DependencyRegistry,FE-009,release,03_BACKEND/STATE_MACHINES.yaml where applicable,03_BACKEND/EVENT_CATALOG.yaml,02_ARCHITECTURE/CANONICAL_RESOURCE_MODEL.yaml,NOT_STARTED
VF-REL-005,SBOM/Dependency Evidence,FE-009,release,03_BACKEND/STATE_MACHINES.yaml where applicable,03_BACKEND/EVENT_CATALOG.yaml,02_ARCHITECTURE/CANONICAL_RESOURCE_MODEL.yaml,NOT_STARTED
VF-REL-006,Runtime Compatibility Gate,FE-009,release,03_BACKEND/STATE_MACHINES.yaml where applicable,03_BACKEND/EVENT_CATALOG.yaml,02_ARCHITECTURE/CANONICAL_RESOURCE_MODEL.yaml,NOT_STARTED
VF-REL-007,MobileRelease,FE-009,release,03_BACKEND/STATE_MACHINES.yaml where applicable,03_BACKEND/EVENT_CATALOG.yaml,02_ARCHITECTURE/CANONICAL_RESOURCE_MODEL.yaml,NOT_STARTED
VF-REL-008,Native Binary Hardening Gate,FE-009,release,03_BACKEND/STATE_MACHINES.yaml where applicable,03_BACKEND/EVENT_CATALOG.yaml,02_ARCHITECTURE/CANONICAL_RESOURCE_MODEL.yaml,NOT_STARTED
VF-REL-009,OTARelease,FE-009,release,03_BACKEND/STATE_MACHINES.yaml where applicable,03_BACKEND/EVENT_CATALOG.yaml,02_ARCHITECTURE/CANONICAL_RESOURCE_MODEL.yaml,NOT_STARTED
VF-REL-010,OTA Compatibility Policy,FE-009,release,03_BACKEND/STATE_MACHINES.yaml where applicable,03_BACKEND/EVENT_CATALOG.yaml,02_ARCHITECTURE/CANONICAL_RESOURCE_MODEL.yaml,NOT_STARTED
VF-REL-011,Signed Native Release,FE-009,release,03_BACKEND/STATE_MACHINES.yaml where applicable,03_BACKEND/EVENT_CATALOG.yaml,02_ARCHITECTURE/CANONICAL_RESOURCE_MODEL.yaml,NOT_STARTED
VF-ENV-001,Project Runtime Descriptor,FE-004,project/workspace-adapter,03_BACKEND/STATE_MACHINES.yaml where applicable,03_BACKEND/EVENT_CATALOG.yaml,02_ARCHITECTURE/CANONICAL_RESOURCE_MODEL.yaml,NOT_STARTED
VF-ENV-002,Dependency Capability,FE-004,project/workspace-adapter,03_BACKEND/STATE_MACHINES.yaml where applicable,03_BACKEND/EVENT_CATALOG.yaml,02_ARCHITECTURE/CANONICAL_RESOURCE_MODEL.yaml,NOT_STARTED
VF-ENV-003,Port Capability Manifest,FE-004,project/workspace-adapter,03_BACKEND/STATE_MACHINES.yaml where applicable,03_BACKEND/EVENT_CATALOG.yaml,02_ARCHITECTURE/CANONICAL_RESOURCE_MODEL.yaml,NOT_STARTED
VF-ENV-004,Project Instruction Artifact,FE-004,project/workspace-adapter,03_BACKEND/STATE_MACHINES.yaml where applicable,03_BACKEND/EVENT_CATALOG.yaml,02_ARCHITECTURE/CANONICAL_RESOURCE_MODEL.yaml,NOT_STARTED
VF-ENV-005,Environment Definition,FE-004,project/workspace-adapter,03_BACKEND/STATE_MACHINES.yaml where applicable,03_BACKEND/EVENT_CATALOG.yaml,02_ARCHITECTURE/CANONICAL_RESOURCE_MODEL.yaml,NOT_STARTED
VF-GRO-001,Feedback -> Task lineage,FE-001,project,03_BACKEND/STATE_MACHINES.yaml where applicable,03_BACKEND/EVENT_CATALOG.yaml,02_ARCHITECTURE/CANONICAL_RESOURCE_MODEL.yaml,NOT_STARTED
VF-GRO-002,Growth Surface,FE-001,project,03_BACKEND/STATE_MACHINES.yaml where applicable,03_BACKEND/EVENT_CATALOG.yaml,02_ARCHITECTURE/CANONICAL_RESOURCE_MODEL.yaml,NOT_STARTED
VF-GRO-003,SEO Finding -> Task,FE-001,project,03_BACKEND/STATE_MACHINES.yaml where applicable,03_BACKEND/EVENT_CATALOG.yaml,02_ARCHITECTURE/CANONICAL_RESOURCE_MODEL.yaml,NOT_STARTED
VF-GRO-004,SEO Verification Check,FE-001,project,03_BACKEND/STATE_MACHINES.yaml where applicable,03_BACKEND/EVENT_CATALOG.yaml,02_ARCHITECTURE/CANONICAL_RESOURCE_MODEL.yaml,NOT_STARTED
VF-UNK-001,Abuse & Risk Policy,N/A,independent-design,03_BACKEND/STATE_MACHINES.yaml where applicable,03_BACKEND/EVENT_CATALOG.yaml,02_ARCHITECTURE/CANONICAL_RESOURCE_MODEL.yaml,NOT_STARTED
VF-UNK-002,Provider-neutral AgentBinding + policy,N/A,independent-design,03_BACKEND/STATE_MACHINES.yaml where applicable,03_BACKEND/EVENT_CATALOG.yaml,02_ARCHITECTURE/CANONICAL_RESOURCE_MODEL.yaml,NOT_STARTED
VF-UNK-003,VibeFlow Agent Policy,N/A,independent-design,03_BACKEND/STATE_MACHINES.yaml where applicable,03_BACKEND/EVENT_CATALOG.yaml,02_ARCHITECTURE/CANONICAL_RESOURCE_MODEL.yaml,NOT_STARTED
VF-UNK-004,Central policy + gateway + provider grants,N/A,independent-design,03_BACKEND/STATE_MACHINES.yaml where applicable,03_BACKEND/EVENT_CATALOG.yaml,02_ARCHITECTURE/CANONICAL_RESOURCE_MODEL.yaml,NOT_STARTED
VF-UNK-005,Append-only VibeFlow usage/entitlement ledger,N/A,independent-design,03_BACKEND/STATE_MACHINES.yaml where applicable,03_BACKEND/EVENT_CATALOG.yaml,02_ARCHITECTURE/CANONICAL_RESOURCE_MODEL.yaml,NOT_STARTED
VF-UNK-006,VibeFlow Billing Ledger,N/A,independent-design,03_BACKEND/STATE_MACHINES.yaml where applicable,03_BACKEND/EVENT_CATALOG.yaml,02_ARCHITECTURE/CANONICAL_RESOURCE_MODEL.yaml,NOT_STARTED
VF-UNK-007,VibeFlow CheckpointManifest + recovery transaction,N/A,independent-design,03_BACKEND/STATE_MACHINES.yaml where applicable,03_BACKEND/EVENT_CATALOG.yaml,02_ARCHITECTURE/CANONICAL_RESOURCE_MODEL.yaml,NOT_STARTED
VF-UNK-008,VibeFlow Connection/SecretRef broker,N/A,independent-design,03_BACKEND/STATE_MACHINES.yaml where applicable,03_BACKEND/EVENT_CATALOG.yaml,02_ARCHITECTURE/CANONICAL_RESOURCE_MODEL.yaml,NOT_STARTED
VF-UNK-009,Connection Broker,N/A,independent-design,03_BACKEND/STATE_MACHINES.yaml where applicable,03_BACKEND/EVENT_CATALOG.yaml,02_ARCHITECTURE/CANONICAL_RESOURCE_MODEL.yaml,NOT_STARTED
VF-UNK-010,Checkpoint Manifest + reconciliation,N/A,independent-design,03_BACKEND/STATE_MACHINES.yaml where applicable,03_BACKEND/EVENT_CATALOG.yaml,02_ARCHITECTURE/CANONICAL_RESOURCE_MODEL.yaml,NOT_STARTED
VF-UNK-011,Deployment provider adapters,N/A,independent-design,03_BACKEND/STATE_MACHINES.yaml where applicable,03_BACKEND/EVENT_CATALOG.yaml,02_ARCHITECTURE/CANONICAL_RESOURCE_MODEL.yaml,NOT_STARTED
VF-UNK-012,Provider-neutral Control Plane API,N/A,independent-design,03_BACKEND/STATE_MACHINES.yaml where applicable,03_BACKEND/EVENT_CATALOG.yaml,02_ARCHITECTURE/CANONICAL_RESOURCE_MODEL.yaml,NOT_STARTED
VF-UNK-013,Explicit origin/session/grant binding,N/A,independent-design,03_BACKEND/STATE_MACHINES.yaml where applicable,03_BACKEND/EVENT_CATALOG.yaml,02_ARCHITECTURE/CANONICAL_RESOURCE_MODEL.yaml,NOT_STARTED
VF-UNK-014,Model Routing Policy,N/A,independent-design,03_BACKEND/STATE_MACHINES.yaml where applicable,03_BACKEND/EVENT_CATALOG.yaml,02_ARCHITECTURE/CANONICAL_RESOURCE_MODEL.yaml,NOT_STARTED
VF-UNK-015,Yjs/standard collaborative state if needed,N/A,independent-design,03_BACKEND/STATE_MACHINES.yaml where applicable,03_BACKEND/EVENT_CATALOG.yaml,02_ARCHITECTURE/CANONICAL_RESOURCE_MODEL.yaml,NOT_STARTED
VF-UNK-016,OpenTelemetry + pluggable backend,N/A,independent-design,03_BACKEND/STATE_MACHINES.yaml where applicable,03_BACKEND/EVENT_CATALOG.yaml,02_ARCHITECTURE/CANONICAL_RESOURCE_MODEL.yaml,NOT_STARTED
VF-UNK-017,OTel Telemetry Plane,N/A,independent-design,03_BACKEND/STATE_MACHINES.yaml where applicable,03_BACKEND/EVENT_CATALOG.yaml,02_ARCHITECTURE/CANONICAL_RESOURCE_MODEL.yaml,NOT_STARTED
VF-UNK-018,Deployment Adapter Contract,N/A,independent-design,03_BACKEND/STATE_MACHINES.yaml where applicable,03_BACKEND/EVENT_CATALOG.yaml,02_ARCHITECTURE/CANONICAL_RESOURCE_MODEL.yaml,NOT_STARTED
VF-UNK-019,Collaboration Provider Contract,N/A,independent-design,03_BACKEND/STATE_MACHINES.yaml where applicable,03_BACKEND/EVENT_CATALOG.yaml,02_ARCHITECTURE/CANONICAL_RESOURCE_MODEL.yaml,NOT_STARTED
VF-UNK-020,SecretRef / Credential Broker,N/A,independent-design,03_BACKEND/STATE_MACHINES.yaml where applicable,03_BACKEND/EVENT_CATALOG.yaml,02_ARCHITECTURE/CANONICAL_RESOURCE_MODEL.yaml,NOT_STARTED
VF-UNK-021,KMS-backed secret boundary,N/A,independent-design,03_BACKEND/STATE_MACHINES.yaml where applicable,03_BACKEND/EVENT_CATALOG.yaml,02_ARCHITECTURE/CANONICAL_RESOURCE_MODEL.yaml,NOT_STARTED
VF-UNK-022,VibeFlow API/control plane schema,N/A,independent-design,03_BACKEND/STATE_MACHINES.yaml where applicable,03_BACKEND/EVENT_CATALOG.yaml,02_ARCHITECTURE/CANONICAL_RESOURCE_MODEL.yaml,NOT_STARTED
VF-UNK-023,BYOW first; provider capability + later own isolation,N/A,independent-design,03_BACKEND/STATE_MACHINES.yaml where applicable,03_BACKEND/EVENT_CATALOG.yaml,02_ARCHITECTURE/CANONICAL_RESOURCE_MODEL.yaml,NOT_STARTED
VF-UNK-024,Workspace Provider Contract,N/A,independent-design,03_BACKEND/STATE_MACHINES.yaml where applicable,03_BACKEND/EVENT_CATALOG.yaml,02_ARCHITECTURE/CANONICAL_RESOURCE_MODEL.yaml,NOT_STARTED
VF-PORT-001,Cross-provider project portability,FE-002,project/provider-registry,03_BACKEND/STATE_MACHINES.yaml where applicable,03_BACKEND/EVENT_CATALOG.yaml,02_ARCHITECTURE/CANONICAL_RESOURCE_MODEL.yaml,NOT_STARTED
VF-PORT-002,Agent provider portability,FE-002,project/provider-registry,03_BACKEND/STATE_MACHINES.yaml where applicable,03_BACKEND/EVENT_CATALOG.yaml,02_ARCHITECTURE/CANONICAL_RESOURCE_MODEL.yaml,NOT_STARTED
VF-PORT-003,Model provider portability,FE-002,project/provider-registry,03_BACKEND/STATE_MACHINES.yaml where applicable,03_BACKEND/EVENT_CATALOG.yaml,02_ARCHITECTURE/CANONICAL_RESOURCE_MODEL.yaml,NOT_STARTED
VF-PORT-004,Workspace provider portability,FE-002,project/provider-registry,03_BACKEND/STATE_MACHINES.yaml where applicable,03_BACKEND/EVENT_CATALOG.yaml,02_ARCHITECTURE/CANONICAL_RESOURCE_MODEL.yaml,NOT_STARTED
VF-PORT-005,Deployment provider portability,FE-002,project/provider-registry,03_BACKEND/STATE_MACHINES.yaml where applicable,03_BACKEND/EVENT_CATALOG.yaml,02_ARCHITECTURE/CANONICAL_RESOURCE_MODEL.yaml,NOT_STARTED
VF-TRU-001,Independent completion verification authority,FE-003/FE-008,verification/execution,03_BACKEND/STATE_MACHINES.yaml where applicable,03_BACKEND/EVENT_CATALOG.yaml,02_ARCHITECTURE/CANONICAL_RESOURCE_MODEL.yaml,NOT_STARTED
VF-TRU-002,Execution recovery classification,FE-003/FE-008,verification/execution,03_BACKEND/STATE_MACHINES.yaml where applicable,03_BACKEND/EVENT_CATALOG.yaml,02_ARCHITECTURE/CANONICAL_RESOURCE_MODEL.yaml,NOT_STARTED
VF-TRU-003,Evidence export and attestation bundle,FE-003/FE-008,verification/execution,03_BACKEND/STATE_MACHINES.yaml where applicable,03_BACKEND/EVENT_CATALOG.yaml,02_ARCHITECTURE/CANONICAL_RESOURCE_MODEL.yaml,NOT_STARTED
VF-TRU-004,Provider certification framework,FE-003/FE-008,verification/execution,03_BACKEND/STATE_MACHINES.yaml where applicable,03_BACKEND/EVENT_CATALOG.yaml,02_ARCHITECTURE/CANONICAL_RESOURCE_MODEL.yaml,NOT_STARTED
VF-TRU-005,Protocol compatibility harness,FE-003/FE-008,verification/execution,03_BACKEND/STATE_MACHINES.yaml where applicable,03_BACKEND/EVENT_CATALOG.yaml,02_ARCHITECTURE/CANONICAL_RESOURCE_MODEL.yaml,NOT_STARTED
VF-POL-001,Cross-provider connection grants,FE-006,policy/connection,03_BACKEND/STATE_MACHINES.yaml where applicable,03_BACKEND/EVENT_CATALOG.yaml,02_ARCHITECTURE/CANONICAL_RESOURCE_MODEL.yaml,NOT_STARTED
VF-POL-002,Unified approval inbox,FE-006,policy/connection,03_BACKEND/STATE_MACHINES.yaml where applicable,03_BACKEND/EVENT_CATALOG.yaml,02_ARCHITECTURE/CANONICAL_RESOURCE_MODEL.yaml,NOT_STARTED
VF-POL-003,Spend and resource budget policy,FE-006,policy/connection,03_BACKEND/STATE_MACHINES.yaml where applicable,03_BACKEND/EVENT_CATALOG.yaml,02_ARCHITECTURE/CANONICAL_RESOURCE_MODEL.yaml,NOT_STARTED
VF-AI-001,Agent admission and capability negotiation,FE-003,execution/provider-registry,03_BACKEND/STATE_MACHINES.yaml where applicable,03_BACKEND/EVENT_CATALOG.yaml,02_ARCHITECTURE/CANONICAL_RESOURCE_MODEL.yaml,NOT_STARTED
VF-AI-002,Context provenance and redaction policy,FE-003,execution/provider-registry,03_BACKEND/STATE_MACHINES.yaml where applicable,03_BACKEND/EVENT_CATALOG.yaml,02_ARCHITECTURE/CANONICAL_RESOURCE_MODEL.yaml,NOT_STARTED
VF-AI-003,Agent handoff with authority preservation,FE-003,execution/provider-registry,03_BACKEND/STATE_MACHINES.yaml where applicable,03_BACKEND/EVENT_CATALOG.yaml,02_ARCHITECTURE/CANONICAL_RESOURCE_MODEL.yaml,NOT_STARTED
VF-UX-001,Provider-neutral UX normalization,FE-001/FE-003,project/gateway,03_BACKEND/STATE_MACHINES.yaml where applicable,03_BACKEND/EVENT_CATALOG.yaml,02_ARCHITECTURE/CANONICAL_RESOURCE_MODEL.yaml,NOT_STARTED
VF-UX-002,Mobile-first remote action center,FE-001/FE-003,project/gateway,03_BACKEND/STATE_MACHINES.yaml where applicable,03_BACKEND/EVENT_CATALOG.yaml,02_ARCHITECTURE/CANONICAL_RESOURCE_MODEL.yaml,NOT_STARTED
VF-ECO-007,VibeFlow project export/import manifest,FE-002,gateway/provider-registry,03_BACKEND/STATE_MACHINES.yaml where applicable,03_BACKEND/EVENT_CATALOG.yaml,02_ARCHITECTURE/CANONICAL_RESOURCE_MODEL.yaml,NOT_STARTED
VF-ECO-008,External agent/client session grants,FE-002,gateway/provider-registry,03_BACKEND/STATE_MACHINES.yaml where applicable,03_BACKEND/EVENT_CATALOG.yaml,02_ARCHITECTURE/CANONICAL_RESOURCE_MODEL.yaml,NOT_STARTED
